VK102	RR	NA	NA	0.9999998646040416	1.35395958476251e-7	2.4717169531518453e-104	7	1	[10.333333333333334, 12.5, 15.5, 10.5, 14.5, 12.5, 22]	[6]	[52, 67, 40, 30, 31, 35, 45]	[48]	5.25	0	0.999999522063007	4.77936992874047e-7	3.0440666939356435e-88	0.0133127218719082	0.003771392771899	1.080964130566989e-18	0.0133127173117541	0.7792456413147474	0.2207543586852527	6.327305529753172e-17	0	0	0	0	0	0	79	78	1	0	7	0	0	0	0	0	0	0	0	0	0	0	0	0	0	0	0	0	0	0	1	0	0	0	0	0	0	0	0	0	0	0	0	0	0	0	0	0	0	0	0	0	0	0	0	0	0	0	0	0	0	0	0	0	0	0	0	0	0	0	0	0	0	0	0	0	0	0	0	0	0	0	0	0	0	0	0	0	0	0	0	0	0	1	3	0	7	0	6	0	5	0	2	0	1	0	16	0	2	0	NA	NA	3	0	6	0	5	0	13	0	5	0	11	0	29	0	6	0	8	0	1	0	4	0	12	1	5	0	4	0	NA	NA	1	0	10	0	6	0	12	0	11	0	4	0	2	0	NA	NA	8	0	19	0	1	0	1	0	15	0	8	0	6	0	8	0	7	0	10	0	4	0	4	0	7	0	3	0	3	0	5	0	10	0	NA	NA	1	0	12	0	12	0	4	0	5	0	3	0	10	0	14	0	13	0	11	0	8	0	11	0	8	0	8	0	7	0	4	0	3	0	1	0	6	0	10	0	10	0	17	0	9	0	5	0	1	0	3	0	NA	NA	1	0	NA	NA	1	0	NA	NA	3	0	5	0	4	0	5	0	12	0
VK134	RD	NA	NA	8.441502363262e-4	0.9991558497418734	2.180026128269749e-11	1	0	[32]	[]	[78]	[]	0.5	0.25	4.224596241156e-4	0.9995775180539004	2.2321983874383063e-8	0.329677734375	0.16491943359375	1.611328125e-4	0.1649890336458358	0.6663409868099658	0.3333333333333333	3.256798567008e-4	0	0	0	1	0	1	49	49	1	1	36	0	0	1	0	0	0	0	0	0	0	0	0	0	0	0	0	0	0	0	0	0	0	0	0	0	0	0	0	0	0	0	0	0	0	0	0	0	0	0	0	0	0	0	0	0	0	0	0	0	0	0	0	0	0	0	0	0	0	0	0	0	0	0	0	0	0	0	0	0	0	0	0	0	0	0	0	0	0	0	0	0	0	1	NA	NA	1	0	0	1	1	0	1	0	NA	NA	NA	NA	1	0	1	0	1	0	2	0	3	0	NA	NA	1	0	1	0	NA	NA	1	0	NA	NA	1	0	NA	NA	NA	NA	NA	NA	1	0	1	0	NA	NA	1	0	NA	NA	1	0	1	0	NA	NA	3	0	NA	NA	1	0	NA	NA	1	0	NA	NA	2	0	1	0	1	0	2	0	2	0	1	0	2	0	3	0	1	0	1	0	NA	NA	3	0	1	0	2	0	1	0	NA	NA	NA	NA	NA	NA	1	0	NA	NA	NA	NA	NA	NA	NA	NA	NA	NA	NA	NA	NA	NA	2	0	NA	NA	NA	NA	2	0	1	0	3	0	1	0	NA	NA	1	0	1	0	NA	NA	NA	NA	1	0	2	0	1	0	NA	NA	NA	NA	NA	NA	NA	NA	1	0	1	0	1	0	1	0	NA	NA
VK176	RD	NA	NA	0.2114431892995417	0.7885568107004582	1.210232043697698e-33	4	0	[32, 7.5, 12.5, 32]	[]	[101, 101, 43, 81]	[]	1.5	0.25	0.0166978737015096	0.9833021262984905	1.372686175846876e-23	0.3214301658892822	0.0203563595065148	2.237955729166654e-12	0.025383651900327	0.9404413047441048	0.0595586952493473	6.547817315385365e-12	0	0	0	1	0	1	80	78	2	0	6	0	0	1	0	0	0	0	0	0	0	0	0	0	0	0	0	0	0	0	0	0	0	0	0	0	0	0	0	0	0	0	0	0	0	0	0	0	0	0	0	0	0	0	0	0	0	0	0	0	0	0	0	0	0	0	0	0	0	0	0	0	0	0	0	0	0	0	0	0	1	0	0	0	0	0	0	0	0	0	0	0	0	2	1	0	2	0	1	1	2	0	5	0	3	0	4	0	5	0	6	0	2	0	2	0	2	0	2	0	5	0	NA	NA	2	0	6	0	4	0	2	0	1	0	6	0	NA	NA	5	0	2	0	1	0	4	0	2	0	2	0	1	0	1	0	2	0	1	0	5	0	2	0	1	0	NA	NA	4	0	5	0	2	0	4	0	3	0	1	0	1	0	1	0	3	0	2	0	3	0	3	0	1	0	2	0	2	0	4	0	2	0	7	0	3	0	3	0	4	0	5	0	5	0	3	0	3	0	5	0	3	0	4	0	3	0	2	0	7	0	1	0	6	0	3	0	3	0	3	0	2	0	2	1	4	0	3	0	6	0	NA	NA	NA	NA	2	0	NA	NA	1	0	2	0	2	0	3	0	4	0
VK238	RD	NA	NA	0.1195629214295269	0.880437078570473	2.6743599972113046e-35	1	0	[32]	[]	[81]	[]	2	0.25	0.0636116160948487	0.9363883839051512	2.911155526720242e-32	0.329677734375	0.16491943359375	1.611328125e-4	0.1753999753714865	0.6663409868099658	0.3333333333333333	3.256798567008e-4	0	1	0	0	0	1	70	69	1	0	16	1	0	0	0	0	0	0	0	0	0	0	0	0	0	0	0	0	0	0	0	0	0	0	0	0	0	0	0	0	0	0	0	0	0	0	0	0	0	0	0	0	0	0	0	0	0	0	0	0	0	0	0	0	0	0	0	0	0	0	0	0	0	0	0	0	0	0	0	0	0	0	0	0	0	0	0	0	0	0	0	0	0	1	1	1	4	0	1	0	2	0	2	0	1	0	2	0	NA	NA	NA	NA	1	0	2	0	2	0	1	0	1	0	2	0	NA	NA	1	0	4	0	NA	NA	NA	NA	3	0	2	0	1	0	1	0	2	0	3	0	2	0	4	0	2	0	NA	NA	3	0	1	0	1	0	4	0	2	0	NA	NA	1	0	3	0	1	0	3	0	1	0	NA	NA	4	0	4	0	1	0	2	0	2	0	3	0	3	0	3	0	1	0	2	0	3	0	3	0	1	0	NA	NA	1	0	1	0	2	0	NA	NA	2	0	1	0	3	0	4	0	4	0	2	0	3	0	NA	NA	3	0	3	0	3	0	NA	NA	NA	NA	2	0	NA	NA	1	0	1	0	2	0	NA	NA	2	0	1	0	3	0	1	0	1	0	NA	NA	3	0
VK264	RD	NA	NA	0.0066903053972994	0.9933096946027004	4.0101512932773904e-21	2	0	[32, 12.333333333333334]	[]	[60, 65]	[]	1	0.25	0.0016873869282053	0.998312613071794	6.254052453493601e-16	0.3275103862308254	0.0821886658651102	5.296549716946671e-7	0.0826026185292601	0.7993915562011679	0.200607151010176	1.292788656095556e-6	0	0	0	1	0	1	54	52	3	1	31	0	0	1	0	0	0	0	0	0	0	0	0	0	0	0	0	0	0	0	1	0	0	0	0	0	0	0	0	0	0	0	0	0	0	0	0	0	0	0	0	0	0	0	0	0	0	0	0	0	0	0	0	0	0	0	0	0	0	0	0	0	0	0	0	0	0	0	0	0	0	0	1	0	0	0	0	0	0	0	0	0	0	3	NA	NA	1	0	3	1	NA	NA	3	0	1	0	3	0	NA	NA	1	0	1	0	NA	NA	NA	NA	1	0	1	0	3	0	2	0	1	0	3	0	NA	NA	1	0	1	1	NA	NA	2	0	2	0	NA	NA	1	0	NA	NA	NA	NA	NA	NA	NA	NA	NA	NA	NA	NA	NA	NA	5	0	NA	NA	1	0	1	0	1	0	3	0	2	0	1	0	NA	NA	NA	NA	NA	NA	NA	NA	2	0	1	0	NA	NA	NA	NA	2	0	1	0	NA	NA	1	0	2	0	1	0	1	0	1	0	NA	NA	1	0	1	0	3	0	5	0	3	0	2	0	1	0	2	0	1	0	1	0	2	0	2	0	3	0	2	0	1	0	1	0	NA	NA	0	1	1	0	NA	NA	NA	NA	1	0	NA	NA	2	0	NA	NA	NA	NA	NA	NA	1	0
VK352	RD	NA	NA	8.344563925778e-4	0.9991655430729844	5.344379374532814e-10	1	0	[6.5]	[]	[34]	[]	0.5	0.25	4.224596241156e-4	0.9995775180539004	2.2321983874383013e-8	0.322189349112426	0.1630473372781065	0.0039053254437869	0.1631145648002415	0.6586826347305389	0.3333333333333333	0.0079840319361277	0	0	0	1	0	1	59	57	2	0	27	0	0	1	0	0	0	0	0	0	0	0	0	0	0	0	0	0	0	0	0	0	0	0	0	0	0	0	0	0	0	0	0	0	0	0	1	0	0	0	0	0	0	0	0	0	0	0	0	0	0	0	0	0	0	0	0	0	0	0	0	0	0	0	0	0	0	0	0	0	0	0	0	0	0	0	0	0	0	0	0	0	0	2	NA	NA	1	0	1	1	NA	NA	2	0	1	0	2	0	NA	NA	3	0	NA	NA	NA	NA	NA	NA	1	0	2	0	2	0	4	0	NA	NA	1	0	1	0	NA	NA	1	0	1	0	1	0	1	0	NA	NA	1	0	1	0	1	0	2	0	2	0	2	0	NA	NA	1	0	4	0	4	0	2	0	2	1	2	0	1	0	3	0	1	0	4	0	NA	NA	1	0	2	0	NA	NA	NA	NA	1	0	3	0	2	0	1	0	1	0	3	0	NA	NA	NA	NA	1	0	NA	NA	1	0	1	0	2	0	2	0	NA	NA	4	0	5	0	NA	NA	2	0	NA	NA	2	0	3	0	3	0	NA	NA	1	0	NA	NA	NA	NA	NA	NA	2	0	2	0	1	0	NA	NA	5	0	NA	NA	4	0	NA	NA	2	0	2	0	NA	NA
VK343	RD	NA	NA	0.0132932503283507	0.9867067496716492	3.724267275225225e-23	4	0	[32, 32, 23.5, 16.5]	[]	[75, 77, 59, 43]	[]	0.75	0.25	8.444504629887e-4	0.999155549531088	5.923432384289665e-12	0.3275518301872713	0.0205484003949215	1.308249058817601e-13	0.0208076495832271	0.9409698742207734	0.0590301257788508	3.758253927695138e-13	0	0	0	1	0	1	65	64	1	0	21	0	0	1	0	0	0	0	0	0	0	0	0	0	0	0	0	0	0	0	0	0	0	0	0	0	0	0	0	0	0	0	0	0	0	0	0	0	0	0	0	0	0	0	0	0	0	0	0	0	0	0	0	0	0	0	0	0	0	0	0	0	0	0	0	0	0	0	0	0	0	0	0	0	0	0	0	0	0	0	0	0	0	1	NA	NA	NA	NA	3	1	NA	NA	4	0	1	0	1	0	4	0	NA	NA	2	0	NA	NA	NA	NA	1	0	3	0	NA	NA	3	0	3	0	NA	NA	7	0	4	0	3	0	NA	NA	2	0	1	0	2	0	1	0	1	0	2	0	4	0	2	0	1	0	2	0	1	0	2	0	3	0	1	0	1	0	3	0	1	0	1	0	NA	NA	2	0	2	0	2	0	1	0	3	0	2	0	NA	NA	3	0	1	0	NA	NA	1	0	1	0	1	0	NA	NA	NA	NA	1	0	NA	NA	NA	NA	1	0	1	0	1	0	NA	NA	NA	NA	1	0	3	0	2	0	1	0	1	0	2	0	3	0	NA	NA	1	0	2	0	1	0	1	0	4	0	NA	NA	NA	NA	2	0	2	0	2	0	2	0	2	0	1	0	2	0
VK358	RD	NA	NA	0.0632891449512242	0.9367108550487756	4.134482359194126e-21	3	0	[27.5, 32, 29.5]	[]	[57, 81, 62]	[]	0.75	0.25	0.0083892720512549	0.9916107279458006	2.944538567470432e-12	0.3288634667435722	0.041178926135879	6.120890026377245e-11	0.043592390011856	0.8887183550245514	0.111281644810038	1.6541050817814778e-10	0	0	0	1	0	1	57	56	1	0	29	0	0	1	0	0	0	0	0	0	0	0	0	0	0	0	0	0	0	0	0	0	0	0	0	0	0	0	0	0	0	0	0	0	0	0	0	0	0	0	0	0	0	0	0	0	0	0	0	0	0	0	0	0	0	0	0	0	0	0	0	0	0	0	0	0	0	0	0	0	0	0	0	0	0	0	0	0	0	0	0	0	0	1	1	0	NA	NA	2	1	NA	NA	1	0	NA	NA	1	0	1	0	1	0	NA	NA	NA	NA	NA	NA	1	0	NA	NA	2	0	1	0	1	0	1	0	1	0	2	0	1	0	NA	NA	1	0	NA	NA	NA	NA	NA	NA	3	0	3	0	NA	NA	2	0	1	0	NA	NA	2	0	NA	NA	2	0	NA	NA	2	0	1	0	1	0	NA	NA	2	0	1	0	1	0	1	0	NA	NA	3	0	3	0	1	0	1	0	2	0	1	0	2	0	2	0	NA	NA	NA	NA	2	0	2	0	NA	NA	NA	NA	1	0	2	0	1	0	2	0	2	0	2	0	NA	NA	1	0	2	0	1	0	NA	NA	NA	NA	2	0	1	0	NA	NA	NA	NA	2	0	NA	NA	1	0	NA	NA	NA	NA	1	0	1	0	3	0	1	0	1	0	1	0
RISE559	RD	NA	NA	8.374450122177e-4	0.9991622102503154	3.447374668669896e-7	3	0	[11.5, 14.5, 14.5]	[]	[38, 63, 32]	[]	0	0.25	3.522357042782369e-5	0.3333333333333334	0.6666314430962388	0.3243967508212158	0.0408988245264956	7.055962487552857e-9	0.0136443726243574	0.8880390742386189	0.111960906445619	1.9315761885550512e-8	0	1	0	0	0	1	13	13	1	1	72	1	0	0	0	0	0	0	0	0	0	0	0	0	0	0	0	0	0	0	0	0	0	0	0	0	0	0	0	0	0	0	0	0	0	0	0	0	0	0	0	0	0	0	0	0	0	0	0	0	0	0	0	0	0	0	0	0	0	0	0	0	0	0	0	0	0	0	0	0	0	0	0	0	0	0	0	0	0	0	0	0	0	1	0	1	NA	NA	NA	NA	NA	NA	NA	NA	NA	NA	NA	NA	NA	NA	NA	NA	NA	NA	NA	NA	NA	NA	1	0	NA	NA	NA	NA	NA	NA	NA	NA	NA	NA	NA	NA	NA	NA	NA	NA	NA	NA	NA	NA	NA	NA	NA	NA	NA	NA	NA	NA	NA	NA	1	0	NA	NA	NA	NA	NA	NA	2	0	NA	NA	NA	NA	NA	NA	NA	NA	NA	NA	NA	NA	NA	NA	NA	NA	1	0	2	0	1	0	NA	NA	NA	NA	NA	NA	NA	NA	1	0	1	0	NA	NA	NA	NA	NA	NA	NA	NA	NA	NA	NA	NA	1	0	NA	NA	NA	NA	NA	NA	NA	NA	NA	NA	NA	NA	1	0	NA	NA	1	0	NA	NA	NA	NA	NA	NA	NA	NA	NA	NA	NA	NA	NA	NA	NA	NA	NA	NA	NA	NA	NA	NA	NA	NA	NA	NA	1	0	NA	NA	NA	NA	NA	NA	NA	NA	NA	NA	1	0
NEO812	RR	NA	NA	0.9999999997364436	2.6355632225044217e-10	1.0528047914217938e-143	11	1	[25.5, 32, 17, 32, 32, 28.5, 7, 32, 25.5, 17.5, 32]	[6]	[61, 81, 81, 80, 81, 81, 78, 59, 60, 57, 81]	[52]	6.5	0	0.999999985071606	1.4928394173863392e-8	4.9799611122837e-112	0.0133903969373536	2.364034388043e-4	2.830840147160037e-34	0.0133903967409856	0.9826515812752352	0.0173484187247649	2.077406338257503e-32	1	0	0	0	0	0	85	79	6	0	1	0	0	0	0	0	0	1	1	0	0	0	0	0	0	0	0	0	0	0	1	0	0	0	0	0	1	0	1	0	0	0	0	0	0	0	0	0	0	0	0	0	0	0	0	0	0	0	0	0	0	1	0	0	0	0	0	0	0	0	0	0	0	0	0	0	0	0	0	0	0	0	0	0	0	0	0	0	0	0	0	0	0	6	6	0	8	0	7	0	5	0	5	0	10	0	8	1	7	1	8	0	6	0	6	0	4	0	8	0	9	0	5	0	9	0	5	0	8	0	7	0	5	0	11	1	4	0	4	0	7	0	4	0	3	0	7	1	13	0	6	1	8	0	9	0	6	0	7	0	6	0	4	0	8	0	14	0	14	0	5	0	6	0	10	0	7	0	9	0	7	0	13	0	8	0	7	0	8	0	12	0	11	0	4	0	7	0	9	0	3	1	11	0	6	0	2	0	2	0	4	0	9	0	4	0	10	0	6	0	7	0	4	0	7	0	8	0	6	0	11	0	4	0	2	0	7	0	7	0	8	0	1	0	4	0	4	0	6	0	NA	NA	8	0	4	0	11	0	8	0	8	0	5	0	3	0
NEO27	RD	NA	NA	4.2980579492417915e-9	0.999999995701942	1.1346226837257611e-66	7	1	[8.5, 32, 32, 32, 13.5, 12.5, 12.5]	[6]	[42, 92, 80, 47, 51, 35, 31]	[38]	3	0.75	1.213259289452407e-9	0.9999999987867408	1.9516312019790888e-49	0.01340834561817	0.0037849186817316	2.2004437115182182e-20	0.0037849186934073	0.7798603792909019	0.220139620709098	1.27982893366608e-18	0	0	0	1	2	2	69	14	64	9	8	0	0	1	2	0	0	3	3	2	4	1	0	3	1	2	4	1	1	1	1	2	3	0	1	2	3	3	1	0	2	2	2	7	0	1	1	3	5	3	1	3	1	2	3	0	0	4	1	1	3	4	4	3	2	2	1	1	2	1	0	2	1	2	0	1	1	4	2	1	4	0	1	0	0	0	1	0	7	0	3	1	1	64	6	0	3	0	3	1	0	2	5	0	2	0	1	3	3	3	1	2	2	4	1	1	1	0	3	3	1	1	3	2	0	4	7	0	0	1	2	1	1	1	3	1	2	2	0	3	1	0	0	1	0	2	1	3	2	3	1	1	NA	NA	1	2	4	2	3	2	3	7	1	0	2	1	1	1	3	3	1	5	3	3	1	1	2	3	2	1	3	2	1	3	1	0	1	0	2	0	2	4	NA	NA	3	1	1	1	0	3	1	4	3	4	2	3	2	2	1	2	4	1	2	1	4	2	6	1	3	0	2	2	3	1	1	2	NA	NA	0	1	7	0	4	1	4	4	5	2	4	1	1	4	NA	NA	4	1	3	0	NA	NA	NA	NA	0	1	NA	NA	3	7	NA	NA	2	3	1	1	3	1
NEO853	RD	NA	NA	0.0130803307254801	0.98691966927452	7.795044361871989e-25	5	0	[9.5, 32, 7.5, 32, 8.5]	[]	[39, 81, 62, 66, 63]	[]	0.75	0.25	4.234511198691e-4	0.9995765488798338	2.9691338314086014e-13	0.3154881715272602	0.0100840127905254	2.6813682307492e-14	0.0102133365235521	0.9690267987368706	0.0309732012630469	8.23586399546879e-14	1	1	0	0	0	1	72	70	2	0	14	1	0	0	0	0	0	0	0	0	0	0	0	0	0	0	0	0	0	0	0	0	0	0	0	0	0	0	0	0	0	0	0	0	0	0	0	0	0	0	0	0	0	0	2	0	0	0	0	0	0	0	0	0	0	0	0	0	0	0	0	0	0	0	0	0	0	0	0	0	0	0	0	0	0	0	0	0	0	0	0	0	0	2	2	1	1	0	NA	NA	NA	NA	1	0	3	0	3	0	2	0	1	0	2	0	4	0	3	0	9	0	2	0	NA	NA	3	0	3	0	2	0	5	0	4	0	2	0	4	0	3	0	3	0	2	0	3	0	6	0	8	0	1	0	NA	NA	2	0	1	0	2	0	3	0	6	0	NA	NA	7	0	4	0	1	0	NA	NA	3	0	4	0	4	0	4	0	5	2	2	0	2	0	2	0	3	0	6	0	3	0	2	0	5	0	1	0	3	0	3	0	NA	NA	NA	NA	NA	NA	NA	NA	2	0	4	0	1	0	3	0	NA	NA	NA	NA	1	0	3	0	1	0	4	0	4	0	7	0	4	0	3	0	NA	NA	2	0	1	0	1	0	NA	NA	2	0	2	0	1	0	1	0	2	0	1	0	6	0
NEO631	RD	NA	NA	0.1764903644807943	0.8235096355192058	5.058999114404358e-38	5	0	[15.333333333333334, 32, 25.5, 32, 9.5]	[]	[40, 81, 70, 81, 30]	[]	1.5	0.25	0.0067156410098002	0.9932843589901996	8.7452963498014e-25	0.3238223184925082	0.0102157048913848	7.1279283071662755e-16	0.0123217743266291	0.9694175387942432	0.0305824612057546	2.133867346884187e-15	0	0	0	1	0	1	49	29	31	11	26	0	0	1	0	0	1	0	2	0	0	0	0	1	0	0	1	1	0	0	0	1	0	1	0	0	0	1	1	1	0	1	1	1	0	0	0	0	1	1	0	0	2	1	2	0	0	0	0	0	1	0	0	0	1	0	0	0	1	0	0	0	0	0	2	0	1	2	0	0	1	0	1	1	0	0	3	0	0	0	1	0	1	31	NA	NA	1	0	4	1	1	0	NA	NA	1	1	1	0	1	2	4	0	NA	NA	NA	NA	NA	NA	0	1	NA	NA	1	0	1	1	2	0	0	1	2	0	3	0	1	0	0	1	1	0	0	1	NA	NA	2	0	1	0	1	1	2	1	1	1	NA	NA	0	1	1	1	2	1	2	0	1	0	2	0	4	0	2	1	1	1	NA	NA	2	0	0	2	0	1	1	2	1	0	1	0	2	0	NA	NA	5	0	2	0	NA	NA	1	1	NA	NA	1	0	NA	NA	2	1	NA	NA	NA	NA	NA	NA	0	1	NA	NA	1	0	NA	NA	NA	NA	1	0	3	2	NA	NA	2	0	1	1	2	2	NA	NA	1	0	2	1	NA	NA	0	1	2	1	NA	NA	NA	NA	1	3	NA	NA	NA	NA	1	0	0	1	1	0	0	1
DA358	RD	NA	NA	0.0132483875479169	0.986751612452083	9.62033426168469e-26	1	0	[8.5]	[]	[81]	[]	1.5	0.25	0.0067148476527938	0.9932851523472062	6.948293681106107e-24	0.3254325259515571	0.1638581314878892	0.0022837370242214	0.1649430789313052	0.6620209059233451	0.3333333333333333	0.0046457607433217	0	1	0	0	0	1	54	53	2	1	31	1	0	0	0	0	0	0	0	0	0	0	0	0	0	0	0	0	0	0	0	0	0	0	0	0	0	0	0	0	0	0	0	0	0	0	0	0	0	0	0	0	0	0	1	0	0	0	0	0	0	0	0	0	0	0	0	0	0	0	0	0	0	0	0	0	0	0	0	0	0	0	0	0	0	0	0	0	0	0	0	0	0	2	0	1	1	0	3	0	2	0	NA	NA	1	0	1	0	3	0	1	0	1	0	2	0	2	0	2	0	2	0	1	0	2	0	1	0	NA	NA	1	0	2	0	1	0	NA	NA	NA	NA	2	0	2	0	1	0	3	0	4	0	NA	NA	1	0	1	0	1	0	NA	NA	NA	NA	NA	NA	1	0	1	0	NA	NA	1	0	4	0	NA	NA	2	0	NA	NA	NA	NA	1	1	NA	NA	NA	NA	2	0	NA	NA	2	0	4	0	NA	NA	2	0	1	0	NA	NA	1	0	1	0	NA	NA	NA	NA	2	0	3	0	2	0	NA	NA	1	0	NA	NA	NA	NA	1	0	1	0	NA	NA	NA	NA	NA	NA	1	0	2	0	1	0	1	0	NA	NA	1	0	NA	NA	NA	NA	1	0	NA	NA	1	0	NA	NA	1	0	NA	NA	1	0
