sample	read_name	class
del_del_0.3X_NEO79	3:-:46414892:46414950:58e1_1-1	del
del_del_0.5X_NEO79	3:+:46414914:46414949:35e1_0-1	del
del_del_0.5X_VK526	3:+:46414890:46414950:60e1_1-1	del
del_del_0.5X_VK526	3:-:46414937:46415016:79e1_0-1	del
del_del_0.5X_VK543	3:-:46414911:46414975:64e1_0-1	del
del_del_0.8X_NEO752	3:-:46414912:46414991:79e1_0-1	del
del_del_0.8X_NEO752	3:-:46414930:46415011:81e1_1-1	del
del_del_0.8X_NEO78	3:+:46414912:46414955:43e2_1-1	del
del_del_0.8X_NEO78	3:-:46414912:46414951:39e1_1-1	del
del_del_0.8X_NEO79	3:-:46414914:46414948:34e1_0-1	del
del_del_0.8X_VK287	3:+:46414885:46414966:81e1_0-1	del
del_del_0.8X_VK526	3:-:46414887:46414962:75e2_0-1	del
del_del_0.8X_VK526	3:+:46414901:46414973:72e1_1-1	del
del_del_0.8X_VK526	3:-:46414907:46414988:81e1_0-1	del
del_del_0.8X_VK543	3:-:46414924:46414988:64e2_1-1	del
del_del_10X_NEO752	3:-:46414876:46414957:81e2_0-1	del
del_del_10X_NEO752	3:-:46414883:46414964:81e2_1-1	del
del_del_10X_NEO752	3:+:46414894:46414957:63e1_0-1	del
del_del_10X_NEO752	3:+:46414910:46414959:49e1_0-1	del
del_del_10X_NEO752	3:+:46414916:46414965:49e2_0-1	del
del_del_10X_NEO752	3:+:46414920:46414998:78e1_0-1	del
del_del_10X_NEO752	3:+:46414921:46414973:52e2_1-1	del
del_del_10X_NEO752	3:-:46414921:46414973:52e2_1-1	del
del_del_10X_NEO752	3:-:46414922:46415003:81e1_0-1	del
del_del_10X_NEO752	3:-:46414929:46415008:79e2_1-1	del
del_del_10X_NEO752	3:-:46414932:46415007:75e2_1-1	del
del_del_10X_NEO752	3:+:46414935:46414994:59e1_1-1	del
del_del_10X_NEO752	3:-:46414935:46414974:39e1_0-1	del
del_del_10X_NEO752	3:+:46414936:46414968:32e1_0-1	del
del_del_10X_NEO78	3:+:46414883:46414948:65e1_0-1	del
del_del_10X_NEO78	3:+:46414902:46414953:51e2_1-1	del
del_del_10X_NEO78	3:-:46414904:46414985:81e2_1-1	del
del_del_10X_NEO78	3:+:46414914:46414961:47e2_0-1	del
del_del_10X_NEO78	3:+:46414919:46414961:42e1_0-1	del
del_del_10X_NEO78	3:-:46414920:46414952:32e2_1-1	del
del_del_10X_NEO78	3:-:46414922:46414963:41e1_0-1	del
del_del_10X_NEO78	3:-:46414924:46414962:38e1_0-1	del
del_del_10X_NEO78	3:+:46414927:46414974:47e1_0-1	del
del_del_10X_NEO78	3:-:46414929:46414966:37e1_0-1	del
del_del_10X_NEO78	3:+:46414933:46414965:32e2_1-1	del
del_del_10X_NEO78	3:+:46414934:46414964:30e1_0-1	del
del_del_10X_NEO78	3:-:46414935:46414975:40e1_0-1	del
del_del_10X_NEO78	3:-:46414936:46414968:32e1_0-1	del
del_del_10X_NEO79	3:-:46414891:46414956:65e2_1-1	del
del_del_10X_NEO79	3:+:46414897:46414959:62e1_1-1	del
del_del_10X_NEO79	3:-:46414897:46414973:76e2_0-1	del
del_del_10X_NEO79	3:+:46414898:46414962:64e1_0-1	del
del_del_10X_NEO79	3:+:46414902:46414949:47e1_1-1	del
del_del_10X_NEO79	3:-:46414905:46414958:53e1_0-1	del
del_del_10X_NEO79	3:+:46414906:46414956:50e1_0-1	del
del_del_10X_NEO79	3:-:46414907:46414974:67e1_1-1	del
del_del_10X_NEO79	3:+:46414909:46414970:61e1_0-1	del
del_del_10X_NEO79	3:-:46414911:46414952:41e2_1-1	del
del_del_10X_NEO79	3:+:46414914:46414959:45e1_1-1	del
del_del_10X_NEO79	3:-:46414914:46414954:40e2_0-1	del
del_del_10X_NEO79	3:-:46414914:46414963:49e1_1-1	del
del_del_10X_NEO79	3:+:46414915:46414953:38e1_0-1	del
del_del_10X_NEO79	3:-:46414916:46414979:63e2_1-1	del
del_del_10X_NEO79	3:+:46414920:46414990:70e2_1-1	del
del_del_10X_NEO79	3:-:46414920:46414966:46e2_1-1	del
del_del_10X_NEO79	3:-:46414922:46414967:45e2_0-1	del
del_del_10X_NEO79	3:-:46414928:46414995:67e1_1-1	del
del_del_10X_NEO79	3:-:46414931:46414977:46e1_1-1	del
del_del_10X_NEO79	3:+:46414932:46414978:46e1_0-1	del
del_del_10X_NEO79	3:+:46414935:46414976:41e2_1-1	del
del_del_10X_VK287	3:+:46414867:46414948:81e1_1-1	del
del_del_10X_VK287	3:+:46414873:46414954:81e2_0-1	del
del_del_10X_VK287	3:+:46414881:46414962:81e1_1-1	del
del_del_10X_VK287	3:-:46414882:46414963:81e2_1-1	del
del_del_10X_VK287	3:+:46414885:46414964:79e1_1-1	del
del_del_10X_VK287	3:+:46414890:46414969:79e1_0-1	del
del_del_10X_VK287	3:+:46414894:46414975:81e1_0-1	del
del_del_10X_VK287	3:-:46414900:46414981:81e2_1-1	del
del_del_10X_VK287	3:+:46414901:46414949:48e2_1-1	del
del_del_10X_VK287	3:+:46414902:46414983:81e1_1-1	del
del_del_10X_VK287	3:+:46414904:46414961:57e1_0-1	del
del_del_10X_VK287	3:-:46414906:46414959:53e1_1-1	del
del_del_10X_VK287	3:-:46414915:46414960:45e2_1-1	del
del_del_10X_VK287	3:-:46414917:46414977:60e1_0-1	del
del_del_10X_VK287	3:+:46414934:46414965:31e2_0-1	del
del_del_10X_VK526	3:+:46414869:46414950:81e1_0-1	del
del_del_10X_VK526	3:+:46414870:46414951:81e1_1-1	del
del_del_10X_VK526	3:-:46414872:46414953:81e2_0-1	del
del_del_10X_VK526	3:+:46414885:46414966:81e2_1-1	del
del_del_10X_VK526	3:+:46414887:46414968:81e2_0-1	del
del_del_10X_VK526	3:+:46414890:46414971:81e1_0-1	del
del_del_10X_VK526	3:+:46414896:46414977:81e2_0-1	del
del_del_10X_VK526	3:+:46414899:46414959:60e1_1-1	del
del_del_10X_VK526	3:-:46414907:46414954:47e1_1-1	del
del_del_10X_VK526	3:-:46414908:46414980:72e2_0-1	del
del_del_10X_VK526	3:-:46414910:46414966:56e2_0-1	del
del_del_10X_VK526	3:-:46414911:46414992:81e2_1-1	del
del_del_10X_VK526	3:+:46414925:46415006:81e1_1-1	del
del_del_10X_VK526	3:+:46414929:46415010:81e1_1-1	del
del_del_10X_VK526	3:+:46414930:46415011:81e2_1-1	del
del_del_10X_VK526	3:-:46414936:46414995:59e1_0-1	del
del_del_10X_VK526	3:-:46414936:46415017:81e2_1-1	del
del_del_10X_VK526	3:+:46414937:46414968:31e2_0-1	del
del_del_10X_VK543	3:-:46414881:46414962:81e1_0-1	del
del_del_10X_VK543	3:+:46414896:46414977:81e2_1-1	del
del_del_10X_VK543	3:-:46414896:46414961:65e1_1-1	del
del_del_10X_VK543	3:+:46414898:46414979:81e1_0-1	del
del_del_10X_VK543	3:-:46414898:46414973:75e2_1-1	del
del_del_10X_VK543	3:+:46414909:46414990:81e2_0-1	del
del_del_10X_VK543	3:-:46414916:46414997:81e1_0-1	del
del_del_10X_VK543	3:+:46414923:46414979:56e1_0-1	del
del_del_10X_VK543	3:+:46414925:46415006:81e2_1-1	del
del_del_10X_VK543	3:+:46414930:46415011:81e2_0-1	del
del_del_10X_VK543	3:-:46414930:46415002:72e2_1-1	del
del_del_10X_VK543	3:+:46414932:46415013:81e2_1-1	del
del_del_10X_VK543	3:-:46414932:46415013:81e2_0-1	del
del_del_10X_VK543	3:-:46414933:46415014:81e2_0-1	del
del_del_10X_VK543	3:+:46414934:46415015:81e2_0-1	del
del_del_10X_VK543	3:-:46414935:46415016:81e1_0-1	del
del_del_10X_VK543	3:+:46414937:46415018:81e1_1-1	del
del_del_1.5X_NEO752	3:-:46414901:46414967:66e1_1-1	del
del_del_1.5X_NEO752	3:+:46414908:46414962:54e1_0-1	del
del_del_1.5X_NEO752	3:-:46414918:46414999:81e2_1-1	del
del_del_1.5X_NEO752	3:+:46414932:46415013:81e1_1-1	del
del_del_1.5X_NEO78	3:+:46414921:46414954:33e2_0-1	del
del_del_1.5X_NEO79	3:-:46414931:46414986:55e1_0-1	del
del_del_1.5X_VK287	3:+:46414887:46414968:81e1_0-1	del
del_del_1.5X_VK287	3:+:46414922:46414966:44e1_1-1	del
del_del_1.5X_VK287	3:-:46414934:46415000:66e2_1-1	del
del_del_1.5X_VK526	3:-:46414874:46414955:81e2_1-1	del
del_del_1.5X_VK526	3:-:46414896:46414977:81e2_0-1	del
del_del_1.5X_VK543	3:+:46414892:46414973:81e2_1-1	del
del_del_1.5X_VK543	3:-:46414904:46414985:81e2_0-1	del
del_del_1.5X_VK543	3:+:46414925:46415006:81e2_1-1	del
del_del_1X_NEO752	3:+:46414919:46414956:37e2_0-1	del
del_del_1X_NEO752	3:-:46414931:46414966:35e1_0-1	del
del_del_1X_NEO78	3:-:46414917:46414954:37e1_0-1	del
del_del_1X_NEO78	3:-:46414924:46414969:45e2_0-1	del
del_del_1X_NEO78	3:+:46414932:46414967:35e1_0-1	del
del_del_1X_NEO79	3:+:46414919:46414965:46e1_0-1	del
del_del_1X_VK287	3:-:46414900:46414968:68e1_1-1	del
del_del_1X_VK287	3:+:46414931:46414972:41e1_1-1	del
del_del_1X_VK287	3:-:46414932:46414991:59e2_0-1	del
del_del_1X_VK526	3:-:46414867:46414948:81e1_0-1	del
del_del_1X_VK543	3:+:46414873:46414954:81e1_1-1	del
del_del_1X_VK543	3:-:46414885:46414966:81e2_0-1	del
del_del_2X_NEO752	3:-:46414888:46414957:69e1_1-1	del
del_del_2X_NEO752	3:-:46414913:46414962:49e1_1-1	del
del_del_2X_NEO752	3:-:46414934:46414969:35e2_1-1	del
del_del_2X_NEO78	3:+:46414914:46414949:35e1_0-1	del
del_del_2X_NEO78	3:-:46414922:46414971:49e1_1-1	del
del_del_2X_NEO78	3:-:46414932:46414978:46e2_0-1	del
del_del_2X_NEO79	3:+:46414893:46414948:55e1_1-1	del
del_del_2X_NEO79	3:+:46414902:46414958:56e1_1-1	del
del_del_2X_NEO79	3:-:46414932:46414998:66e2_0-1	del
del_del_2X_NEO79	3:+:46414934:46414968:34e2_1-1	del
del_del_2X_VK287	3:+:46414895:46414959:64e2_1-1	del
del_del_2X_VK287	3:+:46414903:46414984:81e2_1-1	del
del_del_2X_VK287	3:+:46414915:46414977:62e1_1-1	del
del_del_2X_VK287	3:+:46414924:46414963:39e1_0-1	del
del_del_2X_VK287	3:-:46414927:46414966:39e1_1-1	del
del_del_2X_VK526	3:+:46414878:46414959:81e2_1-1	del
del_del_2X_VK526	3:+:46414888:46414948:60e2_0-1	del
del_del_2X_VK526	3:-:46414920:46414964:44e2_1-1	del
del_del_2X_VK543	3:+:46414885:46414966:81e1_1-1	del
del_del_2X_VK543	3:+:46414908:46414975:67e2_0-1	del
del_del_2X_VK543	3:-:46414926:46415006:80e1_1-1	del
del_del_5X_NEO752	3:-:46414886:46414953:67e1_1-1	del
del_del_5X_NEO752	3:-:46414891:46414972:81e2_0-1	del
del_del_5X_NEO752	3:-:46414915:46414960:45e2_0-1	del
del_del_5X_NEO752	3:+:46414931:46415012:81e2_0-1	del
del_del_5X_NEO752	3:-:46414933:46414967:34e2_1-1	del
del_del_5X_NEO78	3:+:46414901:46414958:57e2_1-1	del
del_del_5X_NEO78	3:-:46414910:46414957:47e1_1-1	del
del_del_5X_NEO78	3:+:46414931:46414970:39e2_0-1	del
del_del_5X_NEO78	3:-:46414933:46414973:40e2_0-1	del
del_del_5X_NEO78	3:-:46414936:46414972:36e1_1-1	del
del_del_5X_NEO79	3:+:46414908:46414951:43e2_0-1	del
del_del_5X_NEO79	3:-:46414911:46414953:42e1_0-1	del
del_del_5X_NEO79	3:+:46414912:46414971:59e2_0-1	del
del_del_5X_NEO79	3:-:46414914:46414959:45e2_1-1	del
del_del_5X_NEO79	3:+:46414929:46414974:45e2_1-1	del
del_del_5X_NEO79	3:+:46414934:46414991:57e1_1-1	del
del_del_5X_VK287	3:+:46414879:46414959:80e2_1-1	del
del_del_5X_VK287	3:-:46414896:46414975:79e1_0-1	del
del_del_5X_VK287	3:+:46414905:46414985:80e2_1-1	del
del_del_5X_VK287	3:+:46414906:46414972:66e1_0-1	del
del_del_5X_VK287	3:-:46414908:46414959:51e2_0-1	del
del_del_5X_VK287	3:+:46414910:46414990:80e2_1-1	del
del_del_5X_VK287	3:-:46414919:46415000:81e2_1-1	del
del_del_5X_VK287	3:+:46414920:46414953:33e1_1-1	del
del_del_5X_VK287	3:+:46414930:46415003:73e1_1-1	del
del_del_5X_VK526	3:+:46414871:46414952:81e1_1-1	del
del_del_5X_VK526	3:+:46414880:46414961:81e2_1-1	del
del_del_5X_VK526	3:+:46414889:46414958:69e1_1-1	del
del_del_5X_VK526	3:-:46414890:46414971:81e1_0-1	del
del_del_5X_VK526	3:+:46414895:46414976:81e1_1-1	del
del_del_5X_VK526	3:-:46414895:46414968:73e2_1-1	del
del_del_5X_VK526	3:-:46414899:46414958:59e2_0-1	del
del_del_5X_VK526	3:-:46414899:46414980:81e1_0-1	del
del_del_5X_VK526	3:-:46414900:46414981:81e1_0-1	del
del_del_5X_VK526	3:+:46414908:46414989:81e2_1-1	del
del_del_5X_VK526	3:-:46414928:46414993:65e1_0-1	del
del_del_5X_VK526	3:-:46414931:46415012:81e1_0-1	del
del_del_5X_VK526	3:-:46414933:46415014:81e1_0-1	del
del_del_5X_VK526	3:+:46414937:46415018:81e1_0-1	del
del_del_5X_VK543	3:+:46414876:46414957:81e1_1-1	del
del_del_5X_VK543	3:+:46414880:46414961:81e2_0-1	del
del_del_5X_VK543	3:-:46414886:46414967:81e2_0-1	del
del_del_5X_VK543	3:+:46414892:46414952:60e1_0-1	del
del_del_5X_VK543	3:+:46414896:46414977:81e2_0-1	del
del_del_5X_VK543	3:+:46414928:46415009:81e2_1-1	del
del_del_5X_VK543	3:-:46414931:46415012:81e2_0-1	del
ref_del_0.3X_NEO78	3:-:46414928:46414959:31e1_0-1	del
ref_del_0.3X_VK543	3:-:46414883:46414964:81e1_1-1	del
ref_del_0.5X_NEO79	3:-:46414927:46414975:48e1_0-1	del
ref_del_0.5X_VK287	3:-:46414883:46414964:81e1_1-1	del
ref_del_0.5X_VK526	3:-:46414911:46414992:81e1_0-1	del
ref_del_0.5X_VK543	3:-:46414913:46414985:72e1_1-1	del
ref_del_0.8X_NEO752	3:-:46414910:46414953:43e1_1-1	del
ref_del_0.8X_NEO78	3:+:46414913:46414959:46e1_0-1	del
ref_del_0.8X_NEO79	3:-:46414876:46414952:76e1_0-1	del
ref_del_0.8X_NEO79	3:-:46414915:46414968:53e1_1-1	del
ref_del_0.8X_NEO79	3:+:46414919:46414973:54e1_1-1	del
ref_del_0.8X_VK287	3:-:46414896:46414977:81e1_1-1	del
ref_del_0.8X_VK543	3:+:46414916:46414968:52e1_0-1	del
ref_del_10X_NEO752	3:-:46414895:46414974:79e1_0-1	del
ref_del_10X_NEO752	3:-:46414906:46414972:66e1_0-1	del
ref_del_10X_NEO752	3:+:46414908:46414951:43e1_1-1	del
ref_del_10X_NEO752	3:-:46414911:46414992:81e1_0-1	del
ref_del_10X_NEO752	3:+:46414926:46415006:80e1_1-1	del
ref_del_10X_NEO752	3:-:46414930:46414993:63e1_0-1	del
ref_del_10X_NEO752	3:+:46414934:46414998:64e1_0-1	del
ref_del_10X_NEO752	3:-:46414969:46415022:53e2_0-1	del
ref_del_10X_NEO78	3:-:46414906:46414956:50e1_1-1	del
ref_del_10X_NEO78	3:+:46414914:46414963:49e1_1-1	del
ref_del_10X_NEO78	3:-:46414921:46414951:30e1_1-1	del
ref_del_10X_NEO78	3:+:46414926:46414961:35e1_1-1	del
ref_del_10X_NEO78	3:-:46414930:46414970:40e1_1-1	del
ref_del_10X_NEO78	3:-:46414933:46414987:54e1_0-1	del
ref_del_10X_NEO78	3:+:46414936:46414982:46e1_1-1	del
ref_del_10X_NEO78	3:-:46414936:46414979:43e1_1-1	del
ref_del_10X_NEO79	3:-:46414886:46414950:64e1_0-1	del
ref_del_10X_NEO79	3:+:46414909:46414960:51e1_1-1	del
ref_del_10X_NEO79	3:+:46414914:46414992:78e1_1-1	del
ref_del_10X_NEO79	3:+:46414918:46414961:43e1_0-1	del
ref_del_10X_NEO79	3:-:46414927:46414986:59e1_0-1	del
ref_del_10X_NEO79	3:+:46414934:46414985:51e1_0-1	del
ref_del_10X_NEO79	3:+:46414936:46414975:39e1_1-1	del
ref_del_10X_NEO79	3:-:46414936:46414976:40e1_1-1	del
ref_del_10X_VK287	3:-:46414876:46414949:73e1_1-1	del
ref_del_10X_VK287	3:-:46414883:46414964:81e1_1-1	del
ref_del_10X_VK287	3:-:46414894:46414966:72e1_0-1	del
ref_del_10X_VK287	3:-:46414902:46414983:81e1_0-1	del
ref_del_10X_VK287	3:-:46414905:46414950:45e1_0-1	del
ref_del_10X_VK287	3:+:46414910:46414949:39e1_1-1	del
ref_del_10X_VK287	3:+:46414914:46414951:37e1_1-1	del
ref_del_10X_VK287	3:+:46414918:46414980:62e1_0-1	del
ref_del_10X_VK526	3:-:46414878:46414959:81e1_0-1	del
ref_del_10X_VK526	3:-:46414888:46414952:64e1_1-1	del
ref_del_10X_VK526	3:-:46414892:46414973:81e1_0-1	del
ref_del_10X_VK526	3:+:46414893:46414973:80e1_0-1	del
ref_del_10X_VK526	3:+:46414898:46414979:81e1_0-1	del
ref_del_10X_VK526	3:+:46414901:46414982:81e1_0-1	del
ref_del_10X_VK543	3:-:46414867:46414948:81e1_1-1	del
ref_del_10X_VK543	3:-:46414893:46414963:70e1_0-1	del
ref_del_10X_VK543	3:+:46414894:46414963:69e1_1-1	del
ref_del_10X_VK543	3:-:46414900:46414972:72e1_0-1	del
ref_del_10X_VK543	3:+:46414908:46414953:45e1_0-1	del
ref_del_10X_VK543	3:-:46414916:46414997:81e1_0-1	del
ref_del_1.5X_NEO752	3:-:46414911:46414958:47e1_0-1	del
ref_del_1.5X_NEO752	3:-:46414915:46414996:81e1_0-1	del
ref_del_1.5X_NEO752	3:+:46414918:46414999:81e1_1-1	del
ref_del_1.5X_NEO78	3:-:46414914:46414960:46e1_1-1	del
ref_del_1.5X_NEO78	3:+:46414937:46414986:49e1_1-1	del
ref_del_1.5X_VK287	3:-:46414933:46414982:49e1_1-1	del
ref_del_1.5X_VK526	3:-:46414903:46414983:80e1_1-1	del
ref_del_1.5X_VK543	3:+:46414890:46414971:81e1_1-1	del
ref_del_1.5X_VK543	3:-:46414897:46414978:81e1_1-1	del
ref_del_1.5X_VK543	3:-:46414903:46414984:81e1_1-1	del
ref_del_1X_NEO78	3:+:46414919:46414956:37e1_0-1	del
ref_del_1X_NEO78	3:-:46414922:46414956:34e1_1-1	del
ref_del_1X_NEO79	3:+:46414887:46414950:63e1_0-1	del
ref_del_1X_VK287	3:-:46414896:46414952:56e1_1-1	del
ref_del_1X_VK287	3:-:46414931:46415012:81e1_0-1	del
ref_del_1X_VK526	3:-:46414909:46414989:80e1_0-1	del
ref_del_1X_VK526	3:+:46414932:46415012:80e1_1-1	del
ref_del_2X_NEO78	3:-:46414900:46414950:50e1_1-1	del
ref_del_2X_NEO79	3:-:46414910:46414957:47e1_1-1	del
ref_del_2X_NEO79	3:-:46414926:46415007:81e1_1-1	del
ref_del_2X_VK287	3:+:46414907:46414954:47e1_0-1	del
ref_del_2X_VK287	3:-:46414931:46414994:63e1_0-1	del
ref_del_2X_VK287	3:+:46414932:46415013:81e1_1-1	del
ref_del_2X_VK526	3:-:46414900:46414981:81e1_0-1	del
ref_del_5X_NEO78	3:+:46414914:46414948:34e2_1-1	del
ref_del_5X_NEO78	3:+:46414917:46414957:40e1_0-1	del
ref_del_5X_NEO78	3:-:46414917:46414951:34e1_1-1	del
ref_del_5X_NEO78	3:+:46414925:46414966:41e1_1-1	del
ref_del_5X_NEO78	3:+:46414927:46414957:30e1_0-1	del
ref_del_5X_NEO78	3:-:46414935:46414971:36e1_0-1	del
ref_del_5X_NEO79	3:-:46414897:46414948:51e1_0-1	del
ref_del_5X_NEO79	3:+:46414906:46414980:74e1_0-1	del
ref_del_5X_NEO79	3:-:46414923:46414962:39e1_0-1	del
ref_del_5X_NEO79	3:+:46414924:46414971:47e1_0-1	del
ref_del_5X_NEO79	3:-:46414925:46414983:58e1_0-1	del
ref_del_5X_NEO79	3:-:46414927:46414992:65e1_1-1	del
ref_del_5X_NEO79	3:-:46414938:46415016:78e1_0-1	del
ref_del_5X_VK287	3:+:46414879:46414948:69e2_1-1	del
ref_del_5X_VK287	3:-:46414919:46414971:52e1_1-1	del
ref_del_5X_VK287	3:-:46414930:46415011:81e1_1-1	del
ref_del_5X_VK526	3:-:46414874:46414955:81e1_1-1	del
ref_del_5X_VK526	3:-:46414896:46414974:78e1_0-1	del
ref_del_5X_VK526	3:+:46414902:46414975:73e1_1-1	del
ref_del_5X_VK526	3:+:46414913:46414964:51e1_1-1	del
ref_del_5X_VK526	3:+:46414921:46414991:70e1_1-1	del
ref_del_5X_VK526	3:-:46414934:46414976:42e1_1-1	del
ref_del_5X_VK526	3:-:46414936:46415006:70e1_1-1	del
ref_del_5X_VK543	3:+:46414881:46414962:81e1_1-1	del
ref_del_5X_VK543	3:-:46414899:46414980:81e1_1-1	del
ref_del_5X_VK543	3:-:46414894:46414975:81e1_0-1	del
ref_del_5X_VK543	3:+:46414904:46414985:81e1_1-1	del
ref_del_5X_VK543	3:+:46414923:46415004:81e1_0-1	del
ref_del_5X_VK543	3:+:46414928:46415008:80e1_1-1	del
ref_del_5X_VK543	3:-:46414930:46415011:81e1_0-1	del
ref_ref_10X_NEO752	3:-:46414898:46414948:50e2_1-1	del
ref_ref_10X_NEO79	3:+:46414901:46414948:47e2_1-1	del
ref_ref_5X_NEO78	3:+:46414918:46414948:30e1_1-1	del
ref_ref_5X_NEO79	3:+:46414880:46414949:69e1_1-1	del
ref_ref_5X_NEO79	3:-:46414884:46414948:64e1_0-1	del
