Sample	pRR_Data_n	pRD_Data_n	pDD_Data_n	N_reads_ref	N_reads_del	Min_over_ref	Min_over_del	Lengths_ref	Lengths_del	Coverage_ref	Coverage_alt	p_RR	p_RA	p_AA	pData_RR	pData_RD	pData_DD	pD_norm	pRR_Data_r	pRD_Data_r	pDD_Data_r	N_reads_mapping_both	SNP_1_rs113341849	SNP_2_rs113010081	SNP_3_rs11574435	SNP_4_rs79815064
del_del_0.3X_NEO752	7.33594368208857e-18	0.05883523137512742	0.9411647686248726	0	0	[]	[]	[]	[]	0.0	1.0	7.33594368208857e-18	0.05883523137512742	0.9411647686248725	0.10890000000000001	0.10890000000000001	0.10890000000000001	0.10890000000000001	0.3333333333333333	0.3333333333333333	0.3333333333333333	0	0	2	1	1
del_del_0.3X_NEO78	3.294449163755531e-13	0.11113466094215617	0.8888653390575144	0	0	[]	[]	[]	[]	0.0	0.75	3.2944491637555303e-13	0.11113466094215615	0.8888653390575143	0.10890000000000001	0.10890000000000001	0.10890000000000001	0.1089	0.3333333333333333	0.3333333333333333	0.3333333333333333	0	1	1	0	1
del_del_0.3X_NEO79	3.3494496202066004e-07	0.2012762555487672	0.7987234095062707	0	1	[]	[8]	[]	[58]	0.0	0.25	3.522357042782369e-05	0.3333333333333334	0.6666314430962388	0.002578125	0.16371093750000001	0.32484375000000004	0.2711214611540614	0.0052493438320209964	0.33333333333333326	0.6614173228346456	1	0	0	1	0
del_del_0.3X_VK287	1.3112411603034385e-13	0.11112676740993443	0.8888732325899344	0	0	[]	[]	[]	[]	0.0	0.75	1.3112411603034382e-13	0.11112676740993443	0.8888732325899344	0.10890000000000001	0.10890000000000001	0.10890000000000001	0.10890000000000001	0.3333333333333333	0.3333333333333333	0.3333333333333333	0	0	2	0	1
del_del_0.3X_VK526	1.5917684938064426e-20	0.030322409069423358	0.9696775909305767	0	0	[]	[]	[]	[]	0.0	1.25	1.5917684938064426e-20	0.030322409069423358	0.9696775909305766	0.10890000000000001	0.10890000000000001	0.10890000000000001	0.10890000000000001	0.3333333333333333	0.3333333333333333	0.3333333333333333	0	2	0	3	0
del_del_0.3X_VK543	5.611424461738099e-09	0.20002969383973357	0.7999703005488419	0	0	[]	[]	[]	[]	0.0	0.5	5.6114244617380984e-09	0.20002969383973357	0.7999703005488419	0.10890000000000001	0.10890000000000001	0.10890000000000001	0.1089	0.3333333333333333	0.3333333333333333	0.3333333333333333	0	1	1	0	0
del_del_0.5X_NEO752	7.33594368208857e-18	0.05883523137512742	0.9411647686248726	0	0	[]	[]	[]	[]	0.0	1.0	7.33594368208857e-18	0.05883523137512742	0.9411647686248725	0.10890000000000001	0.10890000000000001	0.10890000000000001	0.10890000000000001	0.3333333333333333	0.3333333333333333	0.3333333333333333	0	1	1	2	0
del_del_0.5X_NEO78	2.9944666487957807e-15	0.059312088920072656	0.9406879110799243	0	0	[]	[]	[]	[]	0.0	1.0	2.9944666487957807e-15	0.059312088920072656	0.9406879110799243	0.10890000000000001	0.10890000000000001	0.10890000000000001	0.10890000000000001	0.3333333333333333	0.3333333333333333	0.3333333333333333	0	0	2	1	1
del_del_0.5X_NEO79	1.061122371810937e-23	0.015547646816576593	0.9844523531834235	0	1	[]	[7]	[]	[35]	0.0	1.25	1.0033986486750565e-21	0.030313143039223247	0.9696868569607766	0.003367346938775514	0.16331632653061226	0.32326530612244897	0.31841674982510376	0.0068728522336769845	0.33333333333333337	0.6597938144329897	0	2	1	0	2
del_del_0.5X_VK287	4.6308433697257376e-17	0.058844081779747585	0.9411559182202524	0	0	[]	[]	[]	[]	0.0	1.0	4.6308433697257376e-17	0.058844081779747585	0.9411559182202524	0.10890000000000001	0.10890000000000001	0.10890000000000001	0.10890000000000001	0.3333333333333333	0.3333333333333333	0.3333333333333333	0	1	1	1	1
del_del_0.5X_VK526	9.954536388057275e-20	0.015795822186308574	0.9842041778136913	0	2	[]	[8, 8]	[]	[60, 81]	0.0	1.0	1.5103093244562693e-15	0.059434641966572464	0.9405653580334261	2.01416015625e-05	0.08121597290039063	0.31976806640625	0.3055898081383525	5.022790913771237e-05	0.2025314866205407	0.7974182854703216	2	0	1	1	2
del_del_0.5X_VK543	8.542974600634064e-17	0.058860125959894	0.9411398740401059	0	1	[]	[32]	[]	[64]	0.0	0.75	1.650820062918725e-13	0.11112811899635651	0.8888718810034785	0.0001611328125	0.16491943359375	0.32967773437500003	0.3113684543200894	0.000325679856700863	0.3333333333333333	0.6663409868099658	0	1	0	0	2
del_del_0.8X_NEO752	2.0546002840420547e-29	0.003947238206381271	0.9960527617936188	0	2	[]	[33, 10]	[]	[81, 78]	0.0	1.5	8.74935419975503e-24	0.015519955664725507	0.9844800443352745	7.575757575757965e-07	0.0820498106060606	0.32639999999999997	0.32260769589393873	1.8547550587285958e-06	0.2008806377018843	0.7991175075430569	0	1	0	1	4
del_del_0.8X_NEO78	6.683420750530537e-18	0.030581677685601962	0.9694183223143981	0	2	[]	[13, 9]	[]	[43, 39]	0.0	0.75	3.29444916375553e-13	0.11113466094215631	0.8888653390575142	6.0267367959676225e-06	0.08174816458470305	0.32399737015121627	0.29707508682696837	1.4853268276018428e-05	0.20147344421298105	0.7985117025187429	0	2	0	0	1
del_del_0.8X_NEO79	1.8710264023958814e-38	0.0009985247975858804	0.9990014752024142	0	1	[]	[6]	[]	[34]	0.0	2.25	1.308448766476565e-36	0.0019670133515636854	0.9980329866484364	0.004583333333333336	0.16270833333333334	0.32083333333333336	0.32052229934711735	0.009389671361502353	0.33333333333333337	0.6572769953051644	0	2	5	2	0
del_del_0.8X_VK287	3.526136409275284e-25	0.015401793042869327	0.9845982069571307	0	1	[]	[24]	[]	[81]	0.0	1.25	3.9936543134412467e-22	0.030310794241807482	0.9696892057581925	0.00028645833333334147	0.16485677083333333	0.3294270833333333	0.32443882645283584	0.0005792064871126721	0.33333333333333337	0.6660874601795539	0	0	1	2	2
del_del_0.8X_VK526	1.156056282235519e-38	0.00097911072134084	0.9990208892786591	0	3	[]	[31, 20, 36]	[]	[72, 75, 81]	0.0	1.75	4.556419967365626e-29	0.007762918099273461	0.9922370819007266	8.280099818861153e-11	0.04116111611963058	0.3285787374262921	0.32634753797180055	2.2394393619184102e-10	0.11132453187197597	0.88867546790408	0	0	1	2	4
del_del_0.8X_VK543	2.030599031588289e-28	0.973923372893107	0.02607662710689291	0	1	[]	[19]	[]	[64]	0.25	1.75	7.416878789578891e-26	0.9867713377866854	0.013228662213314637	0.000457063711911353	0.16477146814404434	0.32908587257617733	0.166945127897059	0.0009246417013407215	0.3333333333333333	0.665742024965326	0	2	2	0	3
del_del_10X_NEO752	0.0	5.276583705044832e-35	1.0	0	14	[]	[15, 17, 23, 23, 22, 8, 7, 15, 22, 22, 21, 16, 11, 8]	[]	[63, 49, 49, 78, 52, 59, 32, 81, 81, 52, 81, 81, 75, 39]	0.0	25.0	0.0	8.26791479246336e-31	1.0	1.582572954355452e-38	1.926791490112765e-05	0.30191026530792986	0.30191026530792986	5.241530821655252e-38	6.381593312671233e-05	0.9999361840668732	2	25	24	31	20
del_del_10X_NEO78	8.445619945479347e-288	1.444439871275914e-15	0.9999999999999986	3	14	[7.5, 6, 6.5]	[6, 11, 19, 19, 16, 10, 9, 39, 10, 21, 19, 14, 8, 7]	[33, 45, 41]	[65, 51, 47, 42, 47, 32, 30, 81, 32, 41, 38, 37, 40, 32]	0.25	16.25	3.350481458083404e-258	2.689063130668982e-16	0.9999999999999998	3.2480163712102275e-36	6.921374744361811e-06	1.2885281006655033e-06	1.288528100665505e-06	3.9562177927325045e-31	0.8430519672414933	0.15694803275850658	0	21	14	11	19
del_del_10X_NEO79	0.0	1.319018730631456e-27	1.0	1	22	[7]	[17, 20, 7, 14, 28, 17, 11, 23, 11, 8, 14, 31, 16, 32, 10, 12, 21, 27, 23, 21, 15, 12]	[55]	[62, 64, 47, 50, 61, 45, 38, 70, 46, 41, 65, 76, 53, 67, 41, 40, 49, 63, 46, 45, 67, 46]	0.0	18.25	3.0908994110050036e-301	1.0751967963179717e-22	1.0	1.0840959266269479e-60	1.1124984961174903e-07	0.009068520341340792	0.009068520341340792	1.1954349625141657e-58	1.2267545383563841e-05	0.9999877324546165	1	20	20	14	19
del_del_10X_VK287	0.0	3.3035011057393087e-24	1.0	0	15	[]	[6, 8, 20, 22, 27, 33, 7, 41, 19, 9, 21, 39, 17, 18, 26]	[]	[81, 77, 81, 79, 79, 81, 48, 81, 57, 31, 81, 81, 53, 45, 60]	0.25	18.75	6.846151057627934e-303	1.0304307557192025e-19	1.0	2.781041069585414e-43	9.590470863473525e-06	0.2991467483508046	0.2991467483508046	9.296279933560885e-43	3.2058390944510655e-05	0.9999679416090556	2	19	26	16	14
del_del_10X_VK526	0.0	8.540409905417246e-31	1.0	0	18	[]	[7, 9, 24, 26, 29, 35, 17, 18, 14, 13, 6, 11, 12, 35, 24, 29, 7, 7]	[]	[80, 81, 81, 81, 81, 81, 60, 81, 81, 81, 31, 78, 47, 72, 56, 78, 59, 81]	0.0	20.5	0.0	2.082347698513495e-25	1.0	2.8523901960496766e-49	1.1715831730648484e-06	0.28565883266343456	0.28565883266343456	9.985262737681802e-49	4.101320295624695e-06	0.9999958986797044	4	21	25	20	16
del_del_10X_VK543	2.838895547297e-312	8.083932511227678e-15	0.999999999999992	2	17	[7, 6.5]	[35, 37, 34, 20, 18, 13, 11, 9, 6, 20, 19, 31, 27, 13, 11, 10, 8]	[81, 81]	[81, 81, 81, 56, 81, 81, 81, 80, 81, 81, 65, 75, 81, 72, 81, 81, 81]	0.5	16.75	8.343569973676105e-270	4.950437852976092e-13	0.9999999999995051	3.678750596231763e-47	1.7655576936957383e-06	0.00010811920592297785	0.0001081192059229252	3.3478259179451522e-43	0.016067356707020645	0.9839326432929794	3	19	13	14	21
del_del_1.5X_NEO752	4.4190966027606315e-65	0.035149784213029216	0.9648502157869707	0	4	[]	[20, 11, 25, 24]	[]	[54, 81, 66, 80]	0.25	3.5	7.974081379333336e-54	0.3665964288489089	0.6334035711510911	1.1837121212121599e-12	0.02047989360210997	0.3253663636363636	0.21359607251745638	3.4226541315203414e-12	0.05921675650206108	0.9407832434945163	0	5	4	3	2
del_del_1.5X_NEO78	7.469634553401061e-48	0.011750367078693053	0.988249632921307	1	1	[7]	[12]	[41]	[33]	0.0	2.75	2.2506882668461237e-47	0.0004883655488318941	0.9995116344511681	0.003401360544217675	0.24658978174603174	0.010133219954648538	0.010248697193222689	0.013075901522116616	0.9479688085265775	0.038955289951305934	0	4	4	1	2
del_del_1.5X_NEO79	1.8853072809806607e-42	0.0004909433302805998	0.9995090566697193	0	1	[]	[12]	[]	[55]	0.0	2.5	5.389351395573958e-40	0.000977988661576701	0.9990220113384233	0.0011458333333333292	0.16442708333333333	0.3277083333333334	0.3275486461221853	0.0023228803716608504	0.33333333333333326	0.6643437862950058	0	2	2	3	3
del_del_1.5X_VK287	1.6908491051073505e-46	0.00024630152199720434	0.9997536984780029	0	3	[]	[26, 21, 9]	[]	[81, 44, 66]	0.0	2.25	3.208485239312779e-38	0.0019511701474291944	0.9980488298525708	1.7082587290157318e-09	0.04091860271781479	0.3247058192113137	0.32415210206626954	4.672167991463064e-09	0.11191430351052355	0.8880856918173085	1	3	1	1	4
del_del_1.5X_VK526	1.8539947495499088e-40	0.0009794014877891092	0.9990205985122108	0	2	[]	[13, 35]	[]	[81, 77]	0.0	2.0	1.5205151100904578e-34	0.0038929991162997535	0.9961070008837003	3.9850259630480096e-07	0.08222234331602464	0.32777954353338973	0.3268235895699425	9.7195213427326e-07	0.20054118294836332	0.7994578450995024	0	1	1	4	2
del_del_1.5X_VK543	1.3356850699350815e-79	9.657463913128156e-07	0.9999990342536086	0	3	[]	[31, 18, 39]	[]	[81, 81, 81]	0.0	4.25	5.036263840919003e-70	7.707426958981012e-06	0.9999922925730411	8.710164175003218e-11	0.04115138150698516	0.3284230812179797	0.32842086709233687	2.3568089928963656e-10	0.11134801142337365	0.8886519883409455	0	6	4	2	5
del_del_1X_NEO752	4.563334752807083e-43	0.0004913872570313552	0.9995086127429686	0	2	[]	[14, 12]	[]	[37, 35]	0.0	2.25	5.082511408022472e-38	0.0019508382432473891	0.9980491617567526	2.923044217687036e-06	0.08200381324404762	0.3260363520408164	0.3255602840315349	7.163567528264655e-06	0.20096851432982138	0.7990243221026504	0	2	1	2	4
del_del_1X_NEO78	1.1654130022101825e-37	0.0009849601327948838	0.9990150398672052	0	3	[]	[11, 12, 19]	[]	[35, 37, 45]	0.0	1.75	5.720528330263775e-30	0.007755873499128953	0.9922441265008711	6.557961890371755e-09	0.04088020882518048	0.3240997229916898	0.32190310826732965	1.7968006459677704e-08	0.11200672838953891	0.8879932536424546	0	2	2	2	1
del_del_1X_NEO79	1.402224518194906e-34	0.9487440474796653	0.05125595252033472	0	1	[]	[23]	[]	[46]	0.25	2.0	7.605485195817162e-32	0.9736737040458784	0.026326295954121625	0.0003119092627599274	0.16484404536862005	0.32937618147448017	0.16917556707770673	0.000630715862503948	0.33333333333333337	0.6660359508041628	0	2	2	3	1
del_del_1X_VK287	3.1167080060182274e-37	0.0009844873212191694	0.9990155126787809	0	3	[]	[12, 26, 11]	[]	[41, 68, 59]	0.0	1.75	2.8684871105292314e-29	0.007757157551078641	0.9922428424489212	3.5021068674913456e-09	0.04090662936572643	0.32451923076923084	0.32231920313667256	9.583631636346326e-09	0.1119423484659376	0.8880576419504308	0	1	2	2	2
del_del_1X_VK526	2.1395256330365663e-53	0.00012388670715796318	0.999876113292842	0	1	[]	[6]	[]	[81]	0.0	3.0	1.497487650193688e-51	0.0002442542404537924	0.9997557457595462	0.004583333333333336	0.16270833333333334	0.32083333333333336	0.3207947106315616	0.009389671361502353	0.33333333333333337	0.6572769953051644	0	3	4	1	4
del_del_1X_VK543	7.5006243339683135e-31	0.003927015337983263	0.9960729846620168	0	2	[]	[8, 24]	[]	[77, 77]	0.0	1.5	1.0743311468167874e-25	0.015391618724413891	0.9846083812755861	2.23795572916673e-06	0.08178441365559896	0.32427978515625	0.32054738885567685	5.511304374184655e-06	0.20140648487629187	0.7985880038193338	1	4	1	1	0
del_del_2X_NEO752	1.099043980985595e-63	1.5419294124005488e-05	0.999984580705876	0	3	[]	[15, 20, 9]	[]	[69, 49, 35]	0.0	3.25	6.285930932356529e-56	0.0001221490281711133	0.9998778509718288	5.658436213991711e-09	0.040853139210390944	0.32366617283950616	0.3236316275022942	1.552300780536206e-08	0.11207400328527772	0.8879259811917145	0	3	5	4	1
del_del_2X_NEO78	3.52324830403691e-53	6.21025642012156e-05	0.9999378974357989	0	3	[]	[7, 21, 11]	[]	[35, 49, 46]	0.0	2.75	7.140407447087799e-46	0.0004888938531531811	0.9995111061468468	1.5776254843310476e-08	0.040614266230610985	0.3198667221990837	0.31973019738988273	4.376445543382144e-08	0.11266686942374167	0.887333086811803	0	6	2	3	0
del_del_2X_NEO79	3.511391965974285e-73	9.91849592866674e-07	0.9999990081504071	0	4	[]	[6, 16, 9, 11]	[]	[55, 56, 34, 66]	0.0	4.0	4.8136274025401095e-64	1.545385361950927e-05	0.9999845461463804	2.283395295548077e-10	0.02009015496821605	0.3130260942760943	0.31302156728696834	6.85464998829351e-10	0.060309741719355936	0.9396902575951791	0	3	2	7	4
del_del_2X_VK287	2.013008042757026e-111	1.777010088151836e-05	0.9999822298991184	0	5	[]	[17, 40, 28, 19, 16]	[]	[64, 81, 62, 39, 39]	0.25	6.0	2.131096875400372e-96	0.0005649140020038474	0.999435085997996	3.0781012852988833e-16	0.010250572991791856	0.3260455516282864	0.3258671546230921	9.152949023056048e-16	0.030480794280255723	0.9695192057197434	0	5	5	7	7
del_del_2X_VK526	2.396842047642805e-52	6.297407359349891e-05	0.9999370259264065	0	3	[]	[17, 6, 22]	[]	[81, 60, 44]	0.0	2.75	9.331454406049163e-45	0.0004951092747308354	0.999504890725269	8.191779385551336e-09	0.04056475867837109	0.3190625983013526	0.3189247114379627	2.277852071030454e-08	0.11279664065337774	0.8872033365681016	0	1	2	2	6
del_del_2X_VK543	2.0204122344004953e-84	0.0022632850107256494	0.9977367149892744	0	3	[]	[24, 33, 18]	[]	[81, 67, 81]	0.25	4.75	3.2153249879313656e-75	0.0177736280256775	0.9822263719743226	2.029684707154012e-10	0.04113169680768754	0.3281087625223427	0.32300813890443003	5.496918484288206e-10	0.111395421996033	0.8886045774542751	0	4	4	9	2
del_del_5X_NEO752	2.6512067989406862e-197	1.823891553191341e-15	0.9999999999999981	0	5	[]	[12, 11, 30, 18, 10]	[]	[81, 67, 81, 45, 34]	0.0	11.0	4.1851234717512473e-184	5.750772683080867e-14	0.9999999999999425	2.0296847071537516e-14	0.01016169278541632	0.3204005478395062	0.3204005478394884	6.140098467739512e-14	0.03074063379472859	0.96925936620521	0	13	10	12	9
del_del_5X_NEO78	5.787576391003792e-205	1.1888190870324069e-16	0.9999999999999998	0	5	[]	[16, 12, 15, 10, 7]	[]	[57, 39, 47, 40, 36]	0.0	12.0	7.188650722437384e-193	3.717426971179873e-15	0.9999999999999962	2.5373647722978204e-13	0.010078754721076399	0.3151617857142857	0.3151617857142846	7.80150214022939e-13	0.030988617555416882	0.9690113824438029	0	14	14	12	8
del_del_5X_NEO79	8.748318489908037e-139	7.150175720853032e-08	0.9999999284982428	0	6	[]	[9, 29, 14, 9, 11, 17]	[]	[43, 59, 45, 57, 42, 45]	0.25	7.75	2.0284777607752582e-123	4.478713435297118e-06	0.9999955212865647	1.36341682148678e-16	0.005047051689050598	0.3161376546990147	0.31613626141335144	4.2449618377515667e-16	0.01571386055646308	0.9842861394435365	0	8	8	11	4
del_del_5X_VK287	2.2632564594384886e-238	8.898772992054134e-19	1.0	0	9	[]	[18, 38, 30, 33, 11, 13, 33, 17, 24]	[]	[81, 80, 66, 81, 33, 73, 75, 51, 81]	0.0	12.75	1.9188495544107404e-211	4.496867382020076e-16	0.9999999999999996	3.7917623101619608e-28	0.0006361628596909803	0.3214757827794224	0.32147578277942224	1.177156687759156e-27	0.001974974440729752	0.9980250255592702	0	15	14	8	14
del_del_5X_VK526	3.682820085894514e-220	7.758931574503768e-17	1.0	1	14	[6.5]	[8, 19, 16, 34, 35, 6, 29, 26, 16, 38, 39, 15, 10, 10]	[81]	[79, 81, 69, 81, 80, 81, 81, 73, 59, 81, 81, 65, 79, 81]	0.0	11.25	1.45717843955554e-182	2.917997651366909e-14	0.9999999999999709	2.747844504182497e-40	2.89095526004816e-05	0.010872374086592081	0.010872374086591766	2.520661414866208e-38	0.002651940226245033	0.997348059773755	3	13	13	9	10
del_del_5X_VK543	4.320403055937698e-217	1.6139470856476592e-15	0.9999999999999983	1	7	[7.5]	[15, 19, 10, 35, 15, 25, 10]	[81]	[81, 81, 60, 81, 81, 78, 79]	0.0	12.0	6.767166941062613e-200	3.642620862676183e-15	0.9999999999999964	5.484176731007507e-20	0.003806005301106121	0.008590017873914328	0.00859001787391431	4.424142044247558e-18	0.30703438089529406	0.692965619104706	0	11	11	12	14
ref_del_0.3X_NEO752	9.418924510608714e-12	0.999999999618042	3.725390410421291e-10	1	0	[15.5]	[]	[61]	[]	0.5	0.75	4.71930397194892e-12	0.9999999106790536	8.93162271461557e-08	0.3286264308012487	0.16465660770031218	0.0006867845993756439	0.16465659305592006	0.6652763295099061	0.3333333333333333	0.0013903371567605012	0	1	0	2	0
ref_del_0.3X_NEO78	4.739900843710337e-06	0.9999952600944473	4.708955743461185e-12	0	1	[]	[15]	[]	[31]	0.75	0.25	0.0010629816508415703	0.9989370183468014	2.3572362224578324e-12	0.0007333333333333381	0.16463333333333333	0.32853333333333334	0.1644591106411468	0.0014847809948032762	0.3333333333333333	0.6651818856718634	0	0	0	0	1
ref_del_0.3X_NEO79	4.4640997884914046e-08	0.9999995424249642	4.129340378390451e-07	1	0	[32]	[]	[35]	[]	0.25	0.5	2.2321983874382964e-08	0.9995775180539004	0.00042245962411568917	0.32967773437500003	0.16491943359375	0.0001611328125	0.16484983354166413	0.6663409868099658	0.3333333333333333	0.000325679856700863	0	1	0	0	1
ref_del_0.3X_VK287	0.3333333333333333	0.3333333333333333	0.3333333333333333	0	0	[]	[]	[]	[]	0.0	0.0	0.3333333333333333	0.3333333333333333	0.3333333333333333	0.10890000000000001	0.10890000000000001	0.10890000000000001	0.1089	0.3333333333333333	0.3333333333333333	0.3333333333333333	0	0	0	0	0
ref_del_0.3X_VK526	2.233448642740562e-09	0.20001690784975762	0.7999830899167938	0	0	[]	[]	[]	[]	0.0	0.5	2.233448642740562e-09	0.20001690784975762	0.7999830899167938	0.10890000000000001	0.10890000000000001	0.10890000000000001	0.10890000000000001	0.3333333333333333	0.3333333333333333	0.3333333333333333	0	0	0	0	2
ref_del_0.3X_VK543	5.529376224815569e-06	0.9999944706190611	4.7141082375632666e-12	0	1	[]	[22]	[]	[81]	0.75	0.25	0.002666339812650298	0.9973336601849965	2.3532159320735248e-12	0.00034090909090909896	0.16482954545454548	0.32931818181818184	0.16439096285506763	0.0006894174422613055	0.33333333333333337	0.6659772492244053	0	1	0	0	0
ref_del_0.5X_NEO752	0.00020924585698979715	0.9920257961615945	0.007764957981415645	1	0	[16]	[]	[50]	[]	0.0	0.25	3.5223570427823694e-05	0.3333333333333333	0.6666314430962389	0.3287109375	0.164677734375	0.00064453125	0.05533382129516555	0.6653620352250489	0.33333333333333326	0.001304631441617743	0	0	1	0	0
ref_del_0.5X_NEO78	2.190529407866303e-07	0.9999991841149717	5.968320875305567e-07	1	0	[7]	[]	[34]	[]	0.5	0.5	1.1066424584227529e-07	0.9999709437969638	2.8945538790259486e-05	0.32326530612244897	0.16331632653061226	0.003367346938775514	0.16331171442185222	0.6597938144329897	0.33333333333333337	0.0068728522336769845	0	1	1	0	0
ref_del_0.5X_NEO79	6.991116712836036e-10	0.9999999993008873	9.954326745738723e-16	0	1	[]	[16]	[]	[48]	1.0	0.5	1.7862300023165634e-07	0.9999998213769993	4.9869216294450885e-16	0.00064453125	0.164677734375	0.3287109375	0.1646777050748972	0.0013046314416177431	0.3333333333333333	0.665362035225049	0	0	2	0	0
ref_del_0.5X_VK287	0.016236845745638117	0.9837631541497265	1.0463536471528121e-10	1	1	[14.5]	[22]	[43]	[81]	0.5	0.0	0.7999830899167938	0.20001690784975748	2.2334486427405533e-09	0.0010281443775120376	0.24914781940035965	0.002373207810457863	0.05065627455527286	0.004071066125641367	0.9865319210252081	0.009397012849150564	0	0	0	0	0
ref_del_0.5X_VK526	2.2247205219991128e-14	0.9999999999968491	3.1287384079401274e-12	2	1	[7.5, 32]	[29]	[80, 79]	[78]	0.5	0.75	4.71930397194892e-12	0.9999999106790536	8.931622714615589e-08	0.0005833906188069957	0.1237547765311736	4.335116924296473e-06	0.12375476547766978	0.004691803753110343	0.9952733319257986	3.4864321091037836e-05	0	2	0	0	1
ref_del_0.5X_VK543	8.787354375639893e-19	0.9999996429636798	3.570363201588144e-07	0	1	[]	[30]	[]	[72]	0.5	1.0	7.904226671151635e-16	0.99999982138252	1.7861747902270774e-07	0.00018333333333332537	0.16490833333333335	0.3296333333333334	0.1649083627560974	0.0003705762460626112	0.33333333333333337	0.6662960904206041	0	0	0	0	4
ref_del_0.8X_NEO752	2.76995825622183e-20	0.999999999999802	1.9793447167509588e-13	1	1	[19.5]	[11]	[70]	[43]	0.75	1.25	1.6711001127906504e-18	0.9999999999622606	3.7739402840430095e-11	0.004121364261224387	0.24863956944376522	0.0013040572481132172	0.24863956943443094	0.016221692905281623	0.9786455367621308	0.0051327703325875764	0	2	2	1	0
ref_del_0.8X_NEO78	1.8163748901057749e-22	0.9999248031886053	7.519681139466508e-05	1	1	[9.5]	[17]	[32]	[46]	0.25	1.25	2.6261196899043672e-20	0.9966308201951376	0.0033691798048623737	0.0017109336809516312	0.24818482876285597	0.005520996079709383	0.2473672506784094	0.006698596015555105	0.9716857664216455	0.021615637562799345	0	0	2	1	2
ref_del_0.8X_NEO79	7.619055226283889e-26	0.9999999999999999	1.5185268996419262e-16	1	3	[32]	[24, 10, 26]	[37]	[54, 76, 53]	1.0	1.5	1.4742702481155727e-18	0.9999999999999805	1.9557228030088863e-14	3.207129604482547e-09	0.06205724485928803	0.0004818453591250809	0.06205724485928682	5.128199704878781e-08	0.9922952422259148	0.007704706492088064	0	2	1	1	2
ref_del_0.8X_VK287	2.5784610306772228e-17	1.0	2.300569771290572e-18	3	1	[14.5, 20.5, 13.666666666666666]	[35]	[80, 51, 34]	[77]	0.75	1.0	3.971465512943704e-15	0.9999999999811231	1.8872807388804104e-11	0.000403085602923682	0.062085117896285874	7.568092151528128e-09	0.0620851178951139	0.006450586375237186	0.9935492925124437	1.2111231898408904e-07	0	2	1	0	1
ref_del_0.8X_VK526	1.1844431753559818e-09	0.9999999988155568	1.9869150555836453e-32	3	0	[8.5, 32, 20.333333333333332]	[]	[60, 70, 81]	[]	1.75	0.75	1.4934808661668416e-10	0.9999999998506519	6.025327828218935e-25	0.3243283642638015	0.04089501429532243	1.3485559956628907e-09	0.040895014337652656	0.8880273884595895	0.11197260784799633	3.6924142041612307e-09	0	0	1	1	1
ref_del_0.8X_VK543	7.687621411993629e-38	0.999999999999997	3.0544561785834415e-15	1	1	[6.5]	[26]	[81]	[52]	1.0	2.25	2.6279667880450263e-35	0.9999999999999363	6.380900367068686e-14	0.000722138580581889	0.24685869717446865	0.011816813136794935	0.24685869717445366	0.0027839056509065775	0.9516612746069844	0.045554819742109134	1	4	3	1	1
ref_del_10X_NEO752	8.745653917984952e-137	1.0	6.4565875038205105e-226	16	8	[21.5, 15.5, 32, 32, 6.5, 6, 32, 7, 9, 21.5, 24, 7, 32, 32, 32, 21.5]	[9, 17, 9, 32, 30, 29, 13, 6]	[81, 47, 64, 46, 63, 44, 61, 31, 79, 81, 74, 38, 81, 65, 73, 67]	[43, 81, 64, 74, 66, 78, 63, 53]	12.75	8.75	1.2290616408647846e-122	1.0	1.1423710117598604e-188	3.859125522450235e-22	5.423383078504772e-08	3.065251748568214e-45	5.423383078504772e-08	7.115716272644658e-15	0.999999999999993	5.651918192386445e-38	2	8	10	10	7
ref_del_10X_NEO78	5.718457531598491e-150	1.0	4.69346395694054e-177	17	8	[28.5, 13.5, 8.5, 32, 6, 9.5, 17.5, 15.5, 10.5, 7.5, 12.5, 13.5, 10.666666666666666, 7, 6, 15.5, 10.5]	[21, 17, 7, 14, 9, 13, 10, 7]	[80, 36, 37, 39, 31, 30, 39, 36, 34, 40, 37, 30, 37, 38, 33, 45, 33]	[49, 35, 46, 50, 30, 40, 54, 43]	10.25	9.75	3.7634602095493826e-138	1.0	4.29360252097468e-143	3.9808823375123283e-20	2.6199184296359836e-08	2.8639103548945544e-42	2.6199184296359836e-08	1.5194680462091297e-12	0.9999999999984804	1.093129588499486e-34	3	7	11	7	14
ref_del_10X_NEO79	4.693469455522207e-134	1.0	9.109277778245744e-161	11	8	[27, 32, 32, 32, 32, 6.5, 32, 6, 24.5, 32, 15.5]	[18, 29, 19, 9, 7, 8, 16, 7]	[76, 51, 67, 54, 46, 39, 75, 38, 58, 43, 52]	[51, 78, 43, 51, 39, 64, 59, 40]	9.25	8.5	7.131132045061568e-120	1.0	6.612079736346863e-134	1.1676154399542708e-20	1.7740436917875165e-06	2.444050499028845e-33	1.7740436917875165e-06	6.5816611245790705e-15	0.9999999999999934	1.3776721003788906e-27	4	9	8	10	7
ref_del_10X_VK287	4.059298863831126e-131	1.0	1.1149376692135717e-197	19	8	[28.5, 32, 32, 32, 32, 32, 32, 32, 24.5, 18.5, 9.5, 7.5, 7, 32, 32, 15, 32, 14.333333333333334, 26]	[7, 9, 25, 7, 22, 24, 41, 8]	[81, 68, 81, 81, 81, 79, 66, 43, 56, 76, 81, 72, 81, 75, 81, 43, 81, 42, 81]	[39, 37, 62, 73, 81, 72, 81, 45]	10.5	8.5	2.824391026286781e-118	1.0	7.160330651324539e-149	9.92964128830241e-22	6.908875322981089e-09	1.0757834693104264e-57	6.908875322981089e-09	1.437229769550462e-13	0.9999999999998563	1.5571036080675506e-49	4	9	10	11	4
ref_del_10X_VK526	9.561598719232585e-124	1.0	9.1137206080388e-205	11	6	[26.5, 12.5, 11.5, 7, 32, 32, 32, 32, 32, 25.5, 9.5]	[31, 37, 40, 17, 10, 31]	[56, 81, 81, 55, 81, 78, 71, 80, 47, 81, 67]	[80, 81, 81, 81, 64, 81]	12.25	8.25	2.7801784912626804e-110	1.0	6.569412453340472e-178	2.5331707931617607e-19	7.365574691685448e-06	1.0218233416525549e-32	7.365574691685448e-06	3.439203183997601e-14	0.9999999999999657	1.3872961505719228e-27	3	11	8	5	9
ref_del_10X_VK543	8.410927228488246e-160	1.0	1.197537078024559e-171	14	6	[32, 23.5, 32, 32, 28.5, 25.5, 15.5, 23.5, 32, 32, 16.5, 32, 11.5, 8]	[21, 11, 6, 21, 30, 27]	[81, 52, 81, 42, 81, 81, 80, 81, 81, 81, 43, 81, 70, 81]	[69, 45, 81, 70, 72, 81]	9.75	10.5	2.8537473693565153e-149	1.0	1.924128616371801e-135	2.69163371232578e-17	9.132456407189256e-07	5.683848297872217e-43	9.132456407189256e-07	2.9473271946061954e-11	0.9999999999705267	6.223789136546278e-37	1	12	9	8	13
ref_del_1.5X_NEO752	2.8417649087798413e-30	1.0	2.1403482646883435e-25	2	3	[21.5, 19]	[25, 16, 28]	[57, 73]	[81, 47, 81]	1.5	1.5	8.903562199853968e-23	1.0	4.468712831221508e-21	9.91582208600855e-10	0.031067361847102952	1.4880117951037697e-06	0.031067361847102952	3.191563837918797e-08	0.9999520740762353	4.7894008126173345e-05	0	2	1	2	1
ref_del_1.5X_NEO78	2.924206510636433e-33	1.0	8.435658816627955e-26	3	2	[6.5, 12.5, 32]	[6, 18]	[33, 30, 49]	[49, 46]	1.5	2.25	4.264438715180656e-30	1.0	1.4258159491696924e-19	2.0771937022312723e-05	0.03029220135617775	1.7921995864481517e-08	0.03029220135617775	0.0006852486735752998	0.9993141600949049	5.912315197550417e-07	1	3	2	3	1
ref_del_1.5X_NEO79	6.285721848666156e-29	1.0	2.1991931641898767e-40	3	0	[7.5, 16.333333333333332, 18]	[]	[50, 37, 41]	[]	2.25	2.0	7.955468895626033e-30	1.0	1.0561301904898829e-33	0.3219216780388144	0.040743735693760996	8.484119271291357e-09	0.040743735693760996	0.8876547316563981	0.11234524494981046	2.339379149915772e-08	0	1	3	1	3
ref_del_1.5X_VK287	5.3434976348843604e-33	1.0	4.607191761901229e-34	4	1	[7, 32, 19, 8.5]	[10]	[81, 73, 74, 63]	[49]	1.75	2.25	3.38751509488015e-32	1.0	2.972699016924535e-25	0.004812083502131507	0.030506246311171034	4.727963574218954e-11	0.030506246311171034	0.13624889741748922	0.8637511012438395	1.3386713338038401e-09	1	3	1	4	1
ref_del_1.5X_VK526	7.828437993265752e-46	1.0	2.93999265617648e-28	2	1	[32, 32]	[40]	[58, 81]	[80]	1.75	3.0	3.1334574066301563e-43	1.0	1.5403794800427944e-22	0.00031188994646071724	0.12483893512748183	2.3826956748962403e-07	0.12483893512748183	0.0024921078425410833	0.9975059883017415	1.9038557174351006e-06	0	1	3	3	5
ref_del_1.5X_VK543	1.3839418123287688e-18	1.0	6.337750642614373e-39	2	3	[32, 32]	[29, 36, 40]	[62, 81]	[81, 78, 81]	2.25	0.75	6.031726559685729e-10	0.9999999993968274	8.309649697532638e-34	7.15385918211498e-11	0.031179145015087378	2.3780261915856806e-07	0.03117914499628097	2.2944197476668465e-09	0.9999923707868563	7.626918723930056e-06	0	1	0	2	0
ref_del_1X_NEO752	2.856111422521489e-06	0.9999971438885775	5.749200115107471e-31	1	0	[32]	[]	[71]	[]	1.75	0.5	1.428755725049714e-06	0.999998571244275	5.884314716834635e-28	0.32967773437500003	0.16491943359375	0.0001611328125	0.1649196689931155	0.6663409868099658	0.3333333333333333	0.000325679856700863	0	1	0	0	1
ref_del_1X_NEO78	6.024867274235203e-09	0.9999999939751327	2.9231623434354835e-27	0	2	[]	[14, 14]	[]	[37, 34]	1.75	0.5	0.0002302189218688782	0.9997697810781311	7.343739332797723e-28	2.1475426905455644e-06	0.08207961851832571	0.32664124323198673	0.08206072273144797	5.25427402352591e-06	0.20081966674767007	0.7991750789783064	0	1	1	0	0
ref_del_1X_NEO79	1.657045381875201e-20	1.0	1.435146686633798e-20	1	1	[7.666666666666667]	[8]	[40]	[63]	1.25	1.25	5.306648002633652e-19	1.0	4.2150473331881367e-19	0.007679584120982986	0.24593683542060493	0.00837370037807186	0.24593683542060493	0.029312495155687398	0.938725611088015	0.0319618937562977	1	3	0	1	1
ref_del_1X_VK287	1.117580082473229e-26	0.9999999999830413	1.695862766950127e-11	1	2	[7.5]	[10, 10]	[60]	[56, 79]	0.75	1.5	5.582225910901571e-23	0.9999999997612457	2.3875438565673386e-10	2.45555555555556e-05	0.12265309722222222	0.008712000000000001	0.12265309719501828	0.00018689109101374183	0.9335065176682376	0.06630659124074861	0	1	1	2	2
ref_del_1X_VK526	2.432755663186804e-26	0.9999999999999686	3.1495353491407126e-14	0	2	[]	[11, 35]	[]	[80, 81]	1.0	1.5	3.589585718034605e-21	0.999999999999992	7.909875871804511e-15	5.5658627087199e-07	0.08212555658627088	0.32700556586270874	0.08212555658627281	1.360408639547159e-06	0.20073135568462055	0.7992672839067398	0	1	5	0	0
ref_del_1X_VK543	2.551209066635558e-12	0.9999999999974488	1.0750393583991612e-40	2	0	[32, 24.5]	[]	[80, 81]	[]	2.25	1.0	6.386464251722138e-13	0.9999999999993614	6.599065942983782e-35	0.329128500331893	0.08239102898613208	1.3422141815909598e-07	0.08239102898628967	0.7997880283558959	0.2002116454837038	3.261604002216316e-07	0	0	1	2	1
ref_del_2X_NEO752	7.936364064701021e-28	1.0	9.333637248780613e-19	2	0	[28.5, 6.5]	[]	[78, 42]	[]	1.0	2.0	2.0093782872110603e-28	0.9999999999999685	3.163222165321203e-14	0.3217926863249685	0.08147348478639764	2.404016893682331e-06	0.08147348478639507	0.7979612252767827	0.20203281339361728	5.961329600050618e-06	1	3	2	2	1
ref_del_2X_NEO78	4.608260100962133e-43	1.0	1.6789861995877525e-28	4	1	[12.5, 17.5, 7, 21.5]	[8]	[39, 43, 30, 47]	[50]	1.5	2.75	1.858955493169046e-42	1.0	9.023883303602492e-20	0.007562855543559573	0.030508286313545397	5.6763801093333635e-11	0.030508286313545397	0.19865060944769125	0.801349389061316	1.4909928686077946e-09	1	4	2	4	1
ref_del_2X_NEO79	1.8297654981378505e-42	1.0	2.99526404829394e-25	1	2	[32]	[15, 17]	[39]	[47, 81]	1.75	2.75	5.928431617377625e-38	1.0	7.694574805744202e-23	3.840920559400314e-06	0.12444564567076064	0.0004844290657439446	0.12444564567076064	3.074361784948299e-05	0.9960917739291577	0.0038774824529927724	0	2	5	3	1
ref_del_2X_VK287	3.224188157895763e-33	1.0	8.100111230460098e-46	4	3	[32, 22.5, 10.5, 27.666666666666668]	[12, 11, 12]	[78, 47, 43, 81]	[47, 81, 63]	2.5	2.0	5.033847758179367e-28	1.0	4.449351186671929e-36	4.9157718980650044e-08	0.007674876941718382	1.3972229725141765e-12	0.007674876941718382	6.404976195836537e-06	0.9999935948417539	1.820503486492515e-10	1	3	3	2	0
ref_del_2X_VK526	1.1015898692048324e-34	1.0	7.900385733135331e-49	4	1	[9.5, 32, 32, 32]	[39]	[81, 81, 81, 81]	[81]	2.75	2.25	1.0542636856829854e-32	1.0	3.802411678699944e-38	0.00032413716975749707	0.03102116829578876	6.445361947579356e-13	0.03102116829578876	0.010340852160688403	0.9896591478187492	2.0562447395930965e-11	0	3	1	2	3
ref_del_2X_VK543	2.1274838962300094e-45	1.0	2.3718085209489604e-24	1	0	[32]	[]	[81]	[]	1.75	3.25	1.0642618610906229e-45	1.0	2.4275460211912608e-21	0.32967773437500003	0.16491943359375	0.0001611328125	0.16491943359375	0.6663409868099658	0.3333333333333333	0.000325679856700863	0	2	7	1	3
ref_del_5X_NEO752	1.0658185049385181e-71	1.0	1.2487891114107176e-116	10	0	[18.5, 32, 26.5, 15, 18.5, 8, 32, 32, 32, 20.5]	[]	[56, 81, 56, 44, 55, 78, 81, 71, 49, 81]	[]	6.25	5.25	1.0586016402597157e-74	1.0	6.7207963299037035e-90	0.319041813972989	0.0003168815197130807	5.8879658302433e-31	0.0003168815197130807	0.999007756719371	0.0009922432806290132	1.8436842062995747e-30	0	8	2	9	2
ref_del_5X_NEO78	2.435798746690885e-78	1.0	5.656839085590967e-88	10	6	[7, 7, 17.25, 32, 6.5, 12.5, 11.666666666666666, 6, 32, 9.5]	[6, 15, 18, 15, 9, 8]	[49, 35, 36, 58, 32, 35, 68, 36, 77, 33]	[34, 40, 41, 30, 34, 36]	4.75	4.75	7.488987925861493e-69	1.0	1.8812705986970515e-68	4.5108154217116375e-15	1.3868732905327875e-05	4.170223593608285e-25	1.3868732905327875e-05	3.2525072413151724e-10	0.9999999996747493	3.006924728249591e-20	1	5	3	5	6
ref_del_5X_NEO79	1.3531210078904638e-36	1.0	2.590012660742926e-117	15	7	[24.5, 15.5, 32, 7, 32, 6, 13.5, 29.5, 7.5, 22.5, 27, 13.5, 16.5, 7.5, 7]	[37, 19, 6, 20, 18, 16, 8]	[68, 41, 46, 52, 59, 58, 62, 62, 33, 49, 55, 32, 43, 66, 81]	[74, 47, 51, 39, 58, 65, 81]	5.75	2.0	1.6205809237936073e-24	1.0	2.3415188925238997e-84	1.8118060505757318e-19	2.1699303359086954e-07	2.400214263005912e-40	2.1699303359086954e-07	8.349604688186887e-13	0.999999999999165	1.1061250323498413e-33	3	1	1	6	0
ref_del_5X_VK287	4.559127358232207e-54	1.0	6.968311406181315e-105	11	3	[32, 29.5, 21.5, 17.25, 15.5, 13.5, 6.5, 32, 32, 20.5, 8.5]	[6, 24, 10]	[81, 69, 68, 36, 38, 62, 74, 62, 61, 47, 81]	[69, 52, 78]	5.75	3.75	4.662590828059493e-51	1.0	6.228422734906881e-78	5.6796144630139084e-08	5.8085059313699294e-05	6.498511719121781e-32	5.8085059313699294e-05	0.0009768546975740251	0.999023145302426	1.1176994039654096e-27	1	5	3	4	3
ref_del_5X_VK526	5.606612382318035e-80	1.0	3.2763830253903353e-105	6	7	[32, 32, 24.5, 6, 14.5, 21.5]	[33, 22, 22, 13, 32, 9, 7]	[81, 81, 70, 81, 81, 77]	[73, 51, 70, 81, 81, 42, 70]	6.5	4.75	1.5304575784593194e-64	1.0	5.6555564242891596e-92	4.2892895100207273e-20	0.00011708631146894413	6.783056778549088e-18	0.00011708631146894413	3.6633569340496007e-16	0.9999999999999418	5.793210746371343e-14	3	4	8	6	1
ref_del_5X_VK543	7.337648683551794e-90	1.0	2.5798122771289298e-73	10	7	[22.5, 32, 17, 32, 25.5, 12.5, 18.5, 32, 32, 32]	[20, 39, 20, 15, 33, 38, 10]	[81, 81, 61, 81, 55, 80, 81, 80, 69, 81]	[81, 81, 81, 81, 75, 81, 78]	3.5	5.0	6.168395366772768e-74	1.0	1.154831886850834e-47	8.882801196222017e-22	7.467328037326677e-06	1.668147958797465e-31	7.467328037326677e-06	1.1895555079166016e-16	0.9999999999999998	2.233928857094466e-26	1	4	6	7	3
ref_ref_0.3X_NEO752	0.8885172932394915	0.11148270668660823	7.390030533744573e-11	2	0	[32, 12.5]	[]	[44, 41]	[]	0.25	0.0	0.6666314430962388	0.3333333333333334	3.522357042782369e-05	0.32756779687500004	0.082195845703125	5.156249999999969e-07	0.24576560839517406	0.7994056832872647	0.20059305836695343	1.258345781781127e-06	0	0	0	0	0
ref_ref_0.3X_NEO78	0.7998464123313895	0.20015354933536542	3.833324499171718e-08	1	0	[23.5]	[]	[69]	[]	0.25	0.0	0.6666314430962388	0.3333333333333334	3.522357042782369e-05	0.329402444545043	0.16485061113626076	0.0002987777274785053	0.27454024120259607	0.6660625283189852	0.3333333333333333	0.0006041383476816357	0	0	0	0	0
ref_ref_0.3X_NEO79	0.8880309247268403	0.11196907525186603	2.1293660817544994e-11	0	0	[]	[]	[]	[]	0.75	0.0	0.8880309247268402	0.11196907525186602	2.129366081754499e-11	0.10890000000000001	0.10890000000000001	0.10890000000000001	0.1089	0.3333333333333333	0.3333333333333333	0.3333333333333333	0	0	0	0	0
ref_ref_0.3X_VK287	0.7999830899167938	0.20001690784975762	2.233448642740562e-09	0	0	[]	[]	[]	[]	0.5	0.0	0.7999830899167938	0.20001690784975762	2.233448642740562e-09	0.10890000000000001	0.10890000000000001	0.10890000000000001	0.10890000000000001	0.3333333333333333	0.3333333333333333	0.3333333333333333	0	0	0	0	0
ref_ref_0.3X_VK526	0.969647697475129	0.030352302524871068	1.1073926632962756e-20	1	0	[18.5]	[]	[81]	[]	1.0	0.0	0.9411647686248725	0.05883523137512742	7.33594368208857e-18	0.3290357925493061	0.16475894813732653	0.0004821037253469701	0.3193705263987514	0.6656912948061449	0.3333333333333333	0.0009753718605218269	0	0	0	0	0
ref_ref_0.3X_VK543	0.0008443830428888574	0.9991556169422298	1.48813679167255e-11	0	0	[]	[]	[]	[]	0.75	0.25	0.0008443830428888574	0.9991556169422298	1.48813679167255e-11	0.10890000000000001	0.10890000000000001	0.10890000000000001	0.10890000000000001	0.3333333333333333	0.3333333333333333	0.3333333333333333	0	0	0	1	0
ref_ref_0.5X_NEO752	0.9921354867545247	0.007864513245475312	5.507996751144341e-27	1	0	[32]	[]	[54]	[]	1.5	0.0	0.9844012144451569	0.015598785554843075	1.1181510136329898e-23	0.32967773437500003	0.16491943359375	0.0001611328125	0.327107704972733	0.6663409868099658	0.3333333333333333	0.000325679856700863	0	0	0	0	0
ref_ref_0.5X_NEO78	0.9960540476898735	0.003945952310126515	1.4812191658124843e-28	4	0	[14.5, 7.333333333333333, 29.5, 18.5]	[]	[36, 36, 62, 70]	[]	1.0	0.0	0.9411647686248725	0.05883523137512742	7.33594368208857e-18	0.32101218721850444	0.020343170733983246	6.1244573101054725e-12	0.30332225606630564	0.940404712374328	0.059595287607730384	1.794158833987904e-11	0	0	0	0	0
ref_ref_0.5X_NEO79	0.9960412970502904	0.003958702949709518	1.0961236099756756e-27	3	0	[14.5, 32, 9.5]	[]	[49, 56, 79]	[]	1.25	0.0	0.9694360300094387	0.030563969990561404	1.6305745365469744e-19	0.3244741424793047	0.04090393173760223	2.1229549639164803e-09	0.31580711106797815	0.888050388051992	0.11194960613771152	5.8102965158253835e-09	0	0	0	0	0
ref_ref_0.5X_VK287	0.9410863660845565	0.05891363391544297	4.844442708674017e-16	1	0	[19]	[]	[39]	[]	0.75	0.0	0.8888653390575143	0.1111346609421562	3.2944491637555303e-13	0.32908587257617733	0.16477146814404434	0.000457063711911353	0.3108248469515916	0.665742024965326	0.3333333333333333	0.0009246417013407215	0	0	0	0	0
ref_ref_0.5X_VK526	0.9960978019975985	0.0039021980024015563	3.1080007265359484e-31	3	0	[26.666666666666668, 19, 32]	[]	[81, 53, 78]	[]	1.25	0.0	0.9696884014019126	0.0303115985980873	6.330029885540389e-22	0.32830217457610156	0.04114380373921751	1.5692037228402453e-10	0.3195979453052132	0.8886337751833737	0.11136622439188115	4.24745108697443e-10	0	0	0	0	0
ref_ref_0.5X_VK543	0.7999830899167939	0.2000169078497575	2.2334486427405624e-09	0	0	[]	[]	[]	[]	0.5	0.0	0.7999830899167938	0.20001690784975748	2.233448642740562e-09	0.10890000000000001	0.10890000000000001	0.10890000000000001	0.1089	0.3333333333333333	0.3333333333333333	0.3333333333333333	0	0	0	0	0
ref_ref_0.8X_NEO752	0.9960899147141741	0.00391008528582587	2.767377582983679e-31	2	0	[12.5, 20]	[]	[81, 71]	[]	1.5	0.0	0.9846088497058143	0.01539115029418577	6.777946030924514e-26	0.32706828000000004	0.08213320500000001	1.3199999999999639e-06	0.3232984474483574	0.7992816178276199	0.20071515638804094	3.2257843393814564e-06	0	0	0	0	0
ref_ref_0.8X_NEO78	0.999010490814782	0.000989509185217982	2.404803566941822e-39	2	0	[6.5, 17.5]	[]	[34, 38]	[]	2.0	0.0	0.996107106783808	0.003892893216192129	1.2076892874123038e-34	0.3211373022581814	0.08139056877188745	6.376041540876785e-06	0.3202039938257884	0.797788771003755	0.2021953892469882	1.583974925676946e-05	0	0	0	0	0
ref_ref_0.8X_NEO79	0.9921456117547282	0.007854388245271883	4.407279394490952e-24	3	0	[12.5, 26.666666666666668, 32]	[]	[32, 55, 41]	[]	1.0	0.0	0.9406859925246561	0.05931400747534004	3.770191256653201e-15	0.32710715466064455	0.0410690258745575	3.6254882812501157e-10	0.31014108695159304	0.8884527887247765	0.11154721029050792	9.847155979536273e-10	0	0	0	0	0
ref_ref_0.8X_VK287	0.4059022841006513	0.5940977158993488	1.7226172765579553e-41	3	0	[32, 32, 32]	[]	[81, 81, 47]	[]	2.0	0.25	0.07878963376364352	0.9212103662363564	2.863869822906016e-32	0.3290341469552368	0.041189604694809534	3.841705620288849e-11	0.0638687707603722	0.8887440242680948	0.11125597562813812	1.0376713008736337e-10	0	1	0	0	0
ref_ref_0.8X_VK526	0.9990211789647105	0.0009788210352895147	9.855417832813032e-39	2	0	[19.5, 32]	[]	[54, 77]	[]	2.0	0.0	0.9961031964034848	0.0038968035965151857	1.5249861325014125e-32	0.3288107317862426	0.08235128850391395	2.1187746548323879e-07	0.3278503277412648	0.7997104453217229	0.20028903936473694	5.153135402690899e-07	0	0	0	0	0
ref_ref_0.8X_VK543	0.9922126015900441	0.007787398409955982	1.5183287044857513e-27	2	0	[32, 11.5]	[]	[81, 81]	[]	1.25	0.0	0.9696878950399058	0.030312104960094104	7.96944312178586e-22	0.327184897064036	0.08214795983355978	6.091977788279742e-07	0.3197573117036058	0.7993113785321476	0.20068713320014575	1.4882677066185233e-06	1	0	0	0	0
ref_ref_10X_NEO752	1.0	7.922668074829508e-28	0.0	33	1	[10.666666666666666, 11.5, 28.5, 32, 15.5, 14.5, 32, 32, 32, 32, 32, 32, 32, 16.5, 20.333333333333332, 9.5, 8.5, 6, 17.666666666666668, 27.5, 32, 12.5, 32, 32, 32, 25.25, 12.5, 14.5, 19, 15.5, 15.5, 14.5, 9.5]	[6]	[81, 80, 78, 81, 54, 50, 66, 81, 80, 81, 72, 54, 41, 41, 64, 44, 36, 69, 81, 58, 81, 38, 55, 52, 70, 52, 36, 33, 66, 80, 70, 52, 77]	[50]	23.25	0.75	1.0	1.77958824735178e-19	0.0	0.011973400404032391	5.330518296540899e-11	1.7091126869401957e-95	0.011973400404032391	0.9999999955480331	4.451966937491209e-09	1.4274246426735125e-93	2	2	0	0	1
ref_ref_10X_NEO78	1.0	3.444065822089582e-39	0.0	33	0	[7.5, 17.333333333333332, 20.5, 12.5, 21.5, 15.5, 15.5, 32, 17.5, 11.333333333333334, 6.5, 12.5, 23.5, 6, 7.5, 6, 11.5, 18.5, 13.5, 32, 32, 32, 30, 20.333333333333332, 19.5, 8.5, 15.5, 15.5, 12.5, 9.5, 9.5, 8.5, 7.5]	[]	[46, 47, 48, 36, 45, 35, 38, 59, 40, 39, 42, 68, 77, 46, 41, 34, 34, 38, 38, 36, 40, 43, 65, 48, 46, 34, 36, 33, 34, 36, 37, 40, 33]	[]	23.75	0.0	1.0	2.5872463527912865e-29	0.0	0.2526500221627898	3.363202368967584e-11	4.483628697735161e-87	0.2526500221627898	0.9999999998668829	1.3311704229152509e-10	1.774640136088878e-86	3	0	0	0	0
ref_ref_10X_NEO79	1.0	9.459329880135012e-31	0.0	30	1	[32, 32, 7.5, 32, 28, 16.5, 32, 32, 32, 32, 32, 32, 18.5, 14.5, 20.5, 18.5, 15.5, 32, 15.5, 32, 11.5, 12.5, 32, 32, 26.5, 20.5, 20.5, 20.5, 18.5, 6.5]	[6]	[81, 68, 42, 68, 57, 39, 65, 70, 81, 46, 44, 32, 42, 36, 53, 59, 32, 81, 49, 53, 31, 32, 53, 53, 60, 43, 43, 62, 47, 81]	[47]	18.75	0.0	1.0	2.7124746222981305e-23	4.441272688012e-311	0.01248699011403571	4.354641983657459e-10	5.955271086667273e-90	0.01248699011403571	0.9999999651265693	3.487343060279531e-08	4.769180422664591e-88	0	0	0	0	0
ref_ref_10X_VK287	1.0	1.652646892866132e-36	0.0	27	0	[6, 14.5, 13.5, 12.5, 32, 32, 32, 32, 32, 18, 8.5, 19.5, 32, 16.5, 32, 32, 26.333333333333332, 20.5, 32, 32, 9.5, 32, 32, 32, 13.5, 10.5, 6]	[]	[81, 70, 42, 39, 81, 61, 81, 57, 66, 71, 40, 81, 81, 46, 77, 81, 54, 42, 81, 81, 38, 62, 68, 49, 81, 43, 58]	[]	23.0	0.0	1.0	2.069014701975238e-28	0.0	0.2872738256829153	2.2946293951579603e-09	1.817788442593367e-79	0.2872738256829153	0.9999999920123966	7.987603365445893e-09	6.327720333560835e-79	3	0	0	0	0
ref_ref_10X_VK526	1.0	4.843281076395686e-21	0.0	27	0	[7.5, 32, 25.333333333333332, 32, 32, 32, 32, 32, 32, 10.5, 7.5, 15.333333333333334, 17.5, 20.5, 25.5, 29.5, 32, 32, 32, 32, 32, 32, 32, 28.5, 26.5, 11.5, 6.5]	[]	[71, 81, 61, 81, 81, 81, 73, 81, 72, 80, 72, 81, 81, 81, 81, 74, 78, 81, 81, 62, 58, 43, 81, 81, 81, 81, 81]	[]	16.75	0.5	0.9999999999993838	6.160721010193153e-13	5.0878573773927115e-269	0.2965047075936067	2.330986319577622e-09	1.4438135358888233e-82	0.296504707593424	0.9999999921384509	7.861549046456757e-09	4.8694455351350516e-82	2	2	0	0	0
ref_ref_10X_VK543	1.0	4.207797075978226e-24	0.0	20	0	[6, 13.5, 10.5, 7, 17.5, 20.333333333333332, 32, 29.5, 24.5, 16.5, 32, 32, 21.5, 11, 32, 32, 29.5, 26.5, 15.5, 10.5]	[]	[81, 74, 62, 55, 59, 56, 81, 61, 63, 81, 75, 81, 56, 36, 58, 81, 78, 81, 80, 80]	[]	17.0	0.25	1.0	4.181954012107068e-18	2.393186583601445e-276	0.2965726863074093	2.984054053790429e-07	4.837178523038472e-58	0.2965726863074093	0.9999989938213499	1.0061786499805524e-06	1.6310246625202683e-57	1	1	0	0	0
ref_ref_1.5X_NEO752	0.9995108281451861	0.0004891718548139602	2.4139068110689274e-43	2	0	[25.5, 32]	[]	[81, 35]	[]	2.25	0.0	0.9980486323093782	0.0019513676906218191	6.403719257107307e-37	0.3291707328611592	0.0823963106324791	1.2390066320645598e-07	0.32868918522675034	0.7997983292622503	0.20020136969171642	3.010460333628924e-07	0	0	0	0	0
ref_ref_1.5X_NEO78	0.9995104047528067	0.0004895952471933483	1.8622191752594102e-44	1	0	[17]	[]	[35]	[]	2.5	0.0	0.9990229832275997	0.0009770167724003898	1.0721151618810714e-41	0.3288581314878893	0.16471453287197232	0.000570934256055372	0.32869776043895943	0.6655112651646449	0.33333333333333337	0.0011554015020219703	0	0	0	0	0
ref_ref_1.5X_NEO79	0.9999999923154544	7.684545480510832e-09	7.168749419469722e-102	7	0	[22.5, 12.5, 19.5, 32, 12.5, 7.5, 7]	[]	[47, 32, 56, 36, 81, 65, 76]	[]	5.0	0.0	0.9999990441102957	9.558897043612055e-07	1.149733645728583e-83	0.31172048855736567	0.002505966942878177	1.9436188205689992e-19	0.31172019298238807	0.9920249651198569	0.007975034880143096	6.18540796469472e-19	1	0	0	0	0
ref_ref_1.5X_VK287	0.9960967664443464	0.003903233555653489	3.977813497534247e-33	1	0	[13.5]	[]	[46]	[]	1.75	0.0	0.9922451113256496	0.0077548886743503955	1.4363817070791941e-30	0.3281893004115226	0.16454732510288067	0.0009053497942386913	0.3269202751105533	0.6648326455754241	0.33333333333333337	0.0018340210912425657	0	0	0	0	0
ref_ref_1.5X_VK526	0.9998773787125262	0.00012262128747372194	1.0216361058616944e-50	2	0	[16.5, 32]	[]	[36, 74]	[]	2.75	0.0	0.9995108358648798	0.0004891641351203213	1.133554404277085e-44	0.328466796875	0.08230827562736742	2.9592803030302734e-07	0.32834638495485147	0.7996263216319306	0.20037295795478993	7.204132794860356e-07	0	0	0	0	0
ref_ref_1.5X_VK543	0.9999990125406031	9.874593968884024e-07	2.199656977569225e-74	6	0	[21.5, 7, 6.5, 32, 32, 22.5]	[]	[50, 60, 30, 81, 79, 50]	[]	3.5	0.0	0.9999383950874503	6.160491254964509e-05	6.797790359587561e-58	0.31369560656611545	0.005027892819982105	1.0150076213824682e-17	0.31367659111860324	0.9842249070756739	0.015775092924326172	3.1846024009447166e-17	0	0	0	0	0
ref_ref_1X_NEO752	0.9990237503214578	0.0009762496785421381	6.748672248531227e-43	0	0	[]	[]	[]	[]	2.5	0.0	0.999023750321458	0.0009762496785421382	6.748672248531228e-43	0.10890000000000001	0.10890000000000001	0.10890000000000001	0.10890000000000002	0.3333333333333333	0.3333333333333333	0.3333333333333333	0	0	0	0	0
ref_ref_1X_NEO78	0.9995029427462663	0.0004970572537337549	3.870875610159164e-40	3	0	[13.666666666666666, 9.5, 22]	[]	[39, 30, 45]	[]	2.0	0.0	0.9960739030216869	0.003926096978313164	2.471472636658728e-32	0.3239256081906134	0.04086939047076657	5.055989654920915e-09	0.32281430202953076	0.8879661313606685	0.11203385477952088	1.3859810587861335e-08	0	0	0	0	0
ref_ref_1X_NEO79	0.996083471393341	0.003916528606659099	3.746671025961905e-31	2	0	[32, 9.5]	[]	[60, 42]	[]	1.5	0.0	0.9846081598095605	0.015391840190439418	1.3525617719401548e-25	0.32602479548995844	0.08200287626060423	8.927025623268702e-07	0.32226884910621584	0.7990244406710225	0.20097337148567418	2.187843303380848e-06	1	0	0	0	0
ref_ref_1X_VK287	0.9997508695230993	0.00024913047690059765	1.4974946598368468e-45	2	0	[7.5, 14.5]	[]	[34, 64]	[]	2.5	0.0	0.9990154943972648	0.000984505602735139	6.919957962503723e-41	0.32259167657550536	0.08157221561632975	6.975822433610858e-06	0.32235439156582285	0.7981566760623546	0.20182606435021427	1.7259587431137135e-05	1	0	0	0	0
ref_ref_1X_VK526	0.999505493377186	0.0004945066228141162	1.0423696490100569e-41	3	0	[13.333333333333334, 27.333333333333332, 7.5]	[]	[81, 81, 60]	[]	2.0	0.0	0.9961063897148709	0.0038936102851292176	6.056137753592032e-34	0.32187867483392824	0.04074106496512802	5.521267102914984e-09	0.3207840345446064	0.8876479535045557	0.11235203126939224	1.5226052012246945e-08	1	0	0	0	0
ref_ref_1X_VK543	0.9845954352637791	0.015404564736220877	2.311840194288771e-24	2	0	[28.5, 32]	[]	[81, 81]	[]	1.0	0.0	0.9411647686248725	0.05883523137512746	7.33594368208857e-18	0.32927185227666206	0.08240895673728936	9.918917359187348e-08	0.3147476166996691	0.7998229835671612	0.20017677549581303	2.4093702577757904e-07	0	0	0	0	0
ref_ref_2X_NEO752	0.9999999842972946	1.570270541174181e-08	3.993825014069301e-88	12	0	[9.5, 17.5, 32, 32, 6.5, 32, 32, 32, 32, 22.25, 22.5, 16.5]	[]	[81, 81, 81, 33, 81, 81, 54, 81, 72, 46, 69, 45]	[]	3.5	0.0	0.9999373392303215	6.266076967850893e-05	1.4266629623228595e-52	0.31330753284248497	7.850953183387661e-05	8.770235909371451e-37	0.3132879056707986	0.9997494798069528	0.0002505201930470859	2.7985406889615033e-36	0	0	0	0	0
ref_ref_2X_NEO78	0.9999999923134273	7.686572787931541e-09	3.4300693457415225e-101	7	0	[9.5, 12.5, 7, 13, 14.5, 32, 10.5]	[]	[36, 30, 36, 32, 34, 38, 33]	[]	5.0	0.0	0.9999990447947535	9.552052465212043e-07	1.1472692598356572e-83	0.31110160963421535	0.002503444060633789	9.301208712527972e-19	0.3111013148596285	0.992017207531771	0.007982792468228988	2.965898860028716e-18	0	0	0	0	0
ref_ref_2X_NEO79	0.9999999998805408	1.1945917304198014e-10	5.096017079291302e-124	10	0	[25.5, 9.5, 14.5, 32, 10.5, 11.666666666666666, 32, 14.5, 16.5, 17.5]	[]	[81, 34, 39, 54, 40, 47, 60, 30, 45, 38]	[]	5.75	0.0	0.9999998805562244	1.1944377566825206e-07	1.6934449922805648e-96	0.3146578692605962	0.000314698393930285	9.468873756502741e-29	0.31465783171426104	0.9990008704685818	0.0009991295314182975	3.006253473759198e-28	1	0	0	0	0
ref_ref_2X_VK287	0.9999992975160132	7.024839866396181e-07	4.958252535039678e-107	3	0	[12.5, 32, 20.5]	[]	[33, 62, 46]	[]	6.0	0.25	0.9999944076029387	5.5923970612433545e-06	2.6411728224871834e-98	0.3267883375130131	0.04104902585828283	6.134741225461129e-10	0.32678673954532633	0.8884044132247083	0.11159558510750535	1.6677863170298087e-09	0	1	0	0	0
ref_ref_2X_VK526	0.9999999999705644	2.9435520248230785e-11	1.4163624216426916e-137	10	0	[23.5, 32, 32, 32, 32, 16, 14.5, 32, 17.5, 32]	[]	[81, 79, 67, 64, 80, 33, 81, 81, 46, 58]	[]	6.25	0.0	0.9999999701525921	2.9847407892230145e-08	1.4925815325488465e-106	0.32358630494798485	0.00031912087581354007	3.0706226683499514e-32	0.32358629529929733	0.9990147714413801	0.0009852285586198822	9.479997627518417e-32	0	0	0	0	0
ref_ref_2X_VK543	0.9999998783152597	1.2168474030540602e-07	3.5216203378861206e-87	7	0	[6, 32, 32, 14.5, 32, 32, 32]	[]	[80, 72, 50, 40, 81, 81, 59]	[]	4.0	0.0	0.9999847179496174	1.5282050382524426e-05	3.698772316120165e-66	0.3177512963278469	0.002530085742723943	3.0252807349576053e-22	0.31774647910142506	0.992100428297245	0.007899571702754998	9.44569651660556e-22	0	0	0	0	0
ref_ref_5X_NEO752	0.9999999999999991	9.287790822400755e-16	2.3600878139725466e-191	14	0	[20.5, 25.5, 29.5, 32, 6, 19.5, 8.333333333333334, 6.5, 32, 18.5, 32, 32, 32, 32]	[]	[81, 77, 79, 68, 33, 59, 78, 39, 64, 42, 44, 36, 37, 44]	[]	9.0	0.0	0.9999999999854052	1.459470826583703e-11	1.3410966647270354e-150	0.30367893262889845	1.9325541504575035e-05	5.344200512146314e-42	0.3036789326244666	0.9999363659784518	6.363402154822899e-05	1.7597073306715244e-41	1	0	0	0	0
ref_ref_5X_NEO78	1.0	4.018951595049007e-18	3.0650215834207114e-244	9	1	[23.5, 9.5, 13, 16.5, 6, 20.5, 15.5, 11.5, 11]	[6]	[55, 34, 35, 59, 50, 49, 34, 36, 51]	[30]	13.5	0.0	1.0	5.587303438531568e-17	2.7791688546006932e-223	0.012908767571933858	0.0009285286291337576	1.4236504974442575e-23	0.012908767571933858	0.9328966717455888	0.06710332825441125	1.028850200759897e-21	0	0	0	0	0
ref_ref_5X_NEO79	1.0	4.9426246895875873e-17	2.7026963736192727e-250	11	2	[24.666666666666668, 6.5, 19, 15.5, 15, 15.5, 32, 32, 32, 32, 13.5]	[7, 6]	[74, 48, 55, 50, 31, 64, 81, 67, 65, 58, 48]	[69, 64]	13.5	0.0	1.0	5.73189131275282e-17	1.8911388547320853e-222	0.00013473343673155036	0.00011618099063056425	1.9255252989406244e-32	0.00013473343673155036	0.536969667898394	0.46303033210160616	7.674031817077403e-29	0	0	0	0	0
ref_ref_5X_VK287	0.9999999999999705	2.9473909868881065e-14	2.5392904767574953e-170	15	0	[32, 7.5, 19.5, 15.5, 7, 32, 27.5, 32, 24.5, 32, 32, 32, 32, 25.5, 9.5]	[]	[69, 30, 68, 81, 78, 81, 66, 81, 51, 73, 81, 66, 81, 59, 56]	[]	7.5	0.0	0.9999999990665307	9.334693043284927e-10	6.156895321176293e-126	0.3083453057049887	9.735876368099638e-06	1.271709614593712e-45	0.3083453054171669	0.9999684264076949	3.157359230506018e-05	4.124173251949839e-45	2	0	0	0	0
ref_ref_5X_VK526	0.9999999999999982	1.8315781067995917e-15	3.140251819493363e-186	16	0	[20, 32, 32, 32, 25.5, 12.5, 8.5, 11, 15.5, 32, 32, 32, 32, 32, 18.5, 11.5]	[]	[81, 81, 74, 45, 70, 78, 78, 69, 62, 81, 81, 81, 50, 72, 67, 81]	[]	8.25	0.0	0.9999999998832394	1.167606009752228e-10	9.096115626936221e-139	0.31227679886754095	4.898564611891977e-06	1.0780731313605338e-48	0.3122767988310799	0.9999843136352461	1.5686364753913416e-05	3.452245649442067e-48	0	0	0	0	0
ref_ref_5X_VK543	0.9999999999999998	1.1435084807005684e-16	8.372787470544134e-206	12	0	[17.5, 28.5, 29.5, 25.5, 23.5, 28.5, 23.5, 32, 32, 32, 32, 7.5]	[]	[79, 80, 81, 79, 66, 81, 60, 81, 80, 71, 60, 81]	[]	10.25	0.0	0.9999999999995395	4.604901877716931e-13	7.149633626263644e-169	0.31900242115536975	7.921601450840631e-05	3.735771110158984e-38	0.3190024211552229	0.9997517374700374	0.0002482625299626125	1.1707884989226346e-37	1	0	0	0	0
